,CMP1,CMP2,CMP3,CMP4,CMP5,CMP6,CMP7,CMP8,CMP9,CMP10,CMP11,CMP12,CMP13,CMP14,CMP15,CMP16,CMP17,CMP18,CMP19,CMP20,CMP21,CMP22,CMP23,CMP24,CMP25,CMP26,CMP27,CMP28,CMP29,CMP30,CMP31,CMP32,CMP33,CMP34,CMP35,CMP36,CMP37,CMP38,CMP39,CMP40,CMP41,CMP42,CMP43,CMP44,CMP45,CMP46,CMP47,CMP48,CMP49,CMP50,CMP51,CMP52,CMP53,CMP54,CMP55,CMP56,CMP57,CMP58,CMP59,CMP60,CMP61,CMP62,CMP63,CMP64,CMP65,CMP66,CMP67,CMP68,CMP69,CMP70,CMP71,CMP72,CMP73,CMP74,CMP75,CMP76,CMP77,CMP78,CMP79,CMP80
H,-0.086113038,-0.192912467,-0.122583589,-0.175264136,-0.059337689,0.216906307,0.053392791,0.060179292,-0.009745016,0.026832472,0.06524747,-0.010561751,-0.013705759,0.056268196,0.024027177,0.030381651,0.126112906,-0.104410211,-0.128782883,-0.061606687,-0.32437176,0.055375126,0.647067442,0.076341037,0.103041838,0.036182464,-0.238687095,-0.028963603,0.074833425,-0.200282735,0.031039947,-0.15611679,-0.149595643,-0.194444802,-0.162145157,0.073285116,-0.037166757,0.083095978,0.055564285,-0.060980336,-0.033596531,0.000744361,-0.009527072,0.024129345,0.013280845,-0.018256465,0.003770641,-0.007765036,-0.01340455,-0.006499396,-0.015802349,-0.029510384,0.008927083,0.034550532,0.037497133,0.054235325,0.056098578,0.015192018,0.00771588,0.011802498,0.004966218,-0.008106043,-0.021304579,-0.019340186,-0.006746722,-0.004231308,-0.017733688,0.012859788,0.004475214,0.009025295,-0.002821359,0.004750096,0.005423281,-0.005397238,-0.010768638,-0.003641846,-0.001301545,-0.010340404,-0.001050369,0.002372834
Li,-0.192084319,-0.166234884,-0.378007152,-0.081559513,0.239178718,0.031944932,-0.076032301,-0.01292878,-0.088975855,0.006846875,-0.130131563,-0.007964938,0.012608237,0.13515535,0.029053517,-0.005428176,0.280397525,-0.137579543,-0.210713277,-0.342210274,0.229443749,-0.212107604,0.109424381,0.062012511,-0.022947238,-0.033384158,0.119640241,0.038315908,-0.151303234,0.025552599,-0.004318006,0.029627449,-0.001632173,-0.013149615,0.027515912,0.013935274,0.023722624,-0.043350456,-0.016165467,-0.016806726,-0.0410575,0.006165281,0.020685145,-0.090863124,-0.13936075,0.184321619,-0.234294066,-0.130495154,0.226324733,0.096895341,0.043742597,0.124750432,-0.068546481,-0.046772117,-0.024258856,0.02935864,-0.051563568,-0.025441883,0.002963859,-0.019622904,0.00636734,0.003500914,0.092502751,-0.148077781,-0.04316035,-0.003583052,-0.007334572,-0.019708266,-0.007645205,0.003684048,0.011569518,0.000545394,0.004329705,-0.003976743,0.00197611,0.001048807,0.00257333,-0.001195908,0.004374352,-0.004962028
Be,-0.151489454,-0.165373029,-0.019046656,0.03743921,-0.061438817,-0.099894158,0.137841856,0.062157069,-0.07122764,0.211508482,-0.015265015,-0.033878424,0.138067507,-0.052916377,-0.190192803,0.120799421,0.12427646,0.191588505,0.25040623,-0.190032929,-0.201027764,-0.157147127,-0.049181192,0.483461924,-0.360208163,0.118570962,0.03139576,-0.013303233,0.126093915,0.069507404,0.240967926,-0.121288056,0.084193144,0.019291624,-0.020687282,-0.070286611,0.106232437,0.078949836,0.064761921,0.099130138,0.050376247,-0.089835408,0.085763841,-0.024280295,0.136397357,0.018116509,0.027231028,-0.004695944,0.059592802,-0.012139924,0.009492001,-0.026937363,-0.043894743,0.017557318,0.018808136,0.040551743,-0.036047509,-0.011768258,-0.031778055,-0.028974948,-0.007059653,0.005510348,0.017385355,0.003643841,-0.019270403,0.018301371,-0.006153657,0.002297815,-0.018166357,-0.000624048,0.001168271,0.007472828,0.008661844,0.014216585,0.00411128,-0.006863448,0.003089356,-0.000234702,-0.015872763,-0.00272371
B,-0.165446066,-0.131364564,0.085996616,-0.081654188,-0.070698553,-0.041252211,-0.123214316,0.030285742,0.104570941,0.007286179,0.107772841,0.035858627,0.169254954,-0.021633083,0.043676621,-0.200593644,0.349013914,0.100815196,-0.026823275,0.158924887,-0.251982737,0.029595251,-0.087356935,0.182104935,0.327822925,-0.197094054,0.500737518,0.302264299,0.168094351,-0.079436117,-0.015324858,-0.012325493,-0.04774708,0.006998529,-0.082388783,-0.046470661,-0.003724703,-0.066852206,-0.025015454,-0.050060775,0.00830528,0.006558487,0.004904591,0.05559505,0.014230268,0.015947078,-0.057327816,-0.027743891,-0.037484003,0.000948465,-0.014101603,-0.014638063,0.002329275,-0.048426277,-0.009196873,-0.010894969,0.037147775,0.006010854,-0.020613334,0.013559898,-0.000485438,-0.007097113,-0.015328185,-0.011731558,0.012272448,0.011964689,0.035896077,-0.02059384,0.006038217,-0.014126364,0.002458589,0.007956906,0.01738624,-0.022873136,0.00063247,0.006990075,0.000844718,-0.015014275,-0.003207336,0.000782776
C,-0.07017446,-0.134457835,0.084400269,-0.053577849,-0.033386975,-0.034173499,-0.055991638,-0.087491024,-0.039874859,-0.10468224,0.153959494,0.131637332,0.064216956,0.025363201,-0.078664429,0.020380537,0.345899537,-0.027081949,-0.096596169,0.560924976,0.042702912,-0.295381037,0.072830095,-0.007702105,-0.127526077,-0.082467577,-0.192080275,0.126786883,-0.021926164,0.436970268,-0.070903412,-0.055046882,0.098356844,-0.094121333,0.049208826,0.096191367,-0.037496796,0.180893887,-0.006561304,-0.035364394,-0.067876853,-0.009059214,-0.017312647,-0.006743496,-0.013273838,0.004016429,-0.003698546,0.003511327,0.025088356,-0.025673273,-0.011720459,-0.020685526,0.002204029,-0.001766966,0.001610598,-0.021185268,-0.012148498,0.004580438,0.005727575,-0.006242436,0.005990348,0.004967414,0.005350546,0.004785088,-0.009575598,-0.008619757,-0.017404415,0.007035333,-0.002571382,0.012540243,-0.001407334,-0.004009592,-0.006818919,0.008173613,0.017655933,-0.001746838,0.000612793,8.60E-05,-0.001824501,-0.000207064
N,-0.114085718,-0.197199902,0.073980907,-0.129764837,-0.085464369,0.04257947,-0.076197115,-0.100593021,0.130578105,-0.121638733,-0.204101121,0.064284,0.00764287,-0.085976329,-0.123551202,-0.071800455,0.208079772,-0.006697877,0.002150913,0.452628504,0.24220726,-0.185560786,0.138950971,0.020029411,-0.187637396,0.090734316,0.042127894,-0.291892298,0.048421629,-0.377707272,0.031439159,-0.004923261,-0.121953888,0.213140531,0.022957989,-0.163797482,0.069552912,-0.211517952,0.053161316,0.045421043,0.041721986,0.020150014,0.008672023,0.022679554,-0.009440441,0.03228132,-0.006564384,-0.036173141,-0.057922181,0.011831267,0.021777508,0.013164627,-0.036695397,-0.007340391,0.026618254,0.026202595,0.03173024,-0.010151714,-0.00895252,0.01961426,0.012848095,0.005123986,-0.001585063,0.003950722,0.010579604,0.00465747,0.023443684,-0.021968576,0.00684477,-0.013465819,0.003626071,0.004438677,0.004011167,-0.001050035,-0.012234652,-0.002291562,-0.002020796,0.009643874,0.002696079,-0.002108992
O,-0.080756065,-0.132187489,0.015088464,-0.148165386,-0.093149308,0.101533133,0.071143426,-0.472274256,-0.064673429,0.120689227,0.016664099,0.065940014,0.11856818,-0.032081375,0.058947565,0.06990709,0.013134163,0.075602273,-0.042331982,-0.050660044,-0.009774462,0.079822895,0.006943964,0.112388872,0.086363598,-0.092003883,0.218945962,-0.559746568,0.109508228,0.212566603,-0.223303018,-0.056559588,0.026296743,-0.202141822,-0.003216071,0.062068642,-0.112867616,-0.070520756,-0.059054557,0.219980815,-0.047139914,0.035582587,-0.097787048,0.000652065,0.017982171,0.013693543,0.024350042,0.00162387,0.025343811,0.024500556,0.016483418,-0.024330985,0.028996719,0.007322024,-0.016507123,0.008412771,-0.011339298,-0.001456453,0.01862416,0.016500993,0.007013597,-0.00106261,0.012271568,0.006504214,0.003117847,-0.001813954,-0.004627346,0.011457346,-0.003056583,-0.003740407,0.008293046,0.007948579,0.010797769,-0.005203414,-0.094636289,-0.001678503,-0.006822185,0.010122576,0.005127757,-4.62E-05
F,-0.069732865,-0.140915924,-0.046795504,-0.262633787,-0.161178941,0.446975302,0.263381987,0.205848622,0.003481563,0.016710285,0.079436601,0.007010304,0.009902605,0.029860137,0.012066659,0.012789997,-0.013494663,-0.047518221,-0.004116369,-0.051354708,-0.138060484,0.027347511,0.223975995,0.055432809,0.151398488,0.04113705,-0.092694867,-0.013887444,0.121543876,0.251174088,-0.062400637,0.214467665,0.041916593,0.346206839,0.139182287,-0.141765085,0.107787478,-0.15696338,0.026407168,0.042310196,0.023218478,-0.002181089,0.020484098,-0.006877093,-0.022156142,-0.016824177,-0.005597916,0.037208277,0.017110707,-0.054040944,0.020369976,-0.010287514,0.024396927,-0.078351882,-0.114243702,-0.22056473,-0.160528678,-0.035279315,-0.030662932,-0.019191283,0.007695265,0.023110474,0.016120286,0.007310135,0.013662237,0.008173601,0.029557136,-0.024579868,-0.001801355,-0.015840136,0.006340999,0.009934269,0.008057666,0.001887794,0.009995853,0.023292526,-0.014790701,0.104579429,0.030374693,-0.004815502
Na,-0.122798295,-0.115177249,-0.469426519,-0.24694734,0.35102763,-0.01438538,-0.106424944,-0.004838976,0.014888265,0.003407524,-0.006318625,0.023604063,0.013637594,0.070417584,0.001314495,0.003392594,0.16769586,-0.10244457,-0.166431923,-0.204699179,0.17756252,-0.158173258,0.102912304,0.047511529,0.002975104,-0.024366842,0.146212371,0.015594933,-0.198187756,0.025327935,0.085037894,0.082065111,0.145011467,-0.054380025,0.013795658,-0.129380179,-0.013124659,-0.015628896,-0.030587611,-0.010880312,0.004160448,0.006615591,-0.008094169,0.110090291,0.04775735,-0.056379886,0.247008816,0.163769361,-0.109388794,-0.115935449,0.000133495,-0.059662601,0.031045913,0.022453219,0.01773942,0.006652142,0.031326104,0.009395891,-0.02554098,-0.011804576,-0.023147803,-0.044321796,-0.158669719,0.274605767,0.067453066,0.002871605,-0.003742109,-0.013361321,-0.008122021,-0.023134524,-0.070930489,0.018027071,-0.027061393,-0.007987981,-0.007183293,0.001497618,-0.022292183,0.006804285,-0.006399429,0.003866807
Mg,-0.259919017,-0.302674542,-0.182985541,0.098448284,-0.195372425,-0.19020629,0.179124048,0.109477126,-0.089473396,0.209577319,-0.109255511,-0.131998794,-0.057886037,-0.088584571,-0.164679407,0.175626811,0.069438807,0.098863348,0.062431848,-0.072800365,0.201019307,-0.14082861,-0.002597985,-0.069529098,0.131351381,-0.162525654,-0.071964402,0.061359837,0.040377141,0.039165934,-0.13207304,0.009548427,-0.202581345,0.022542665,-0.107175711,-0.003889772,-0.017788625,-0.045216965,0.046573924,0.038615441,0.040918188,0.101465732,0.019059899,-0.278389439,0.09955641,-0.246942404,-0.080398781,0.135760628,0.045857096,-0.017160269,0.152558062,-0.175063872,-0.045104203,-0.135629546,0.022407044,-0.005773558,0.145984916,0.08127207,-0.054659386,0.033137476,-0.075235307,-0.023365908,-0.058791673,-0.018582007,-0.02736526,0.025428038,0.006852448,-2.18E-05,0.019706412,-0.006497197,-0.006433215,-0.006104096,-0.007509539,0.007663262,-0.002280096,0.010619553,0.014862371,0.000352244,0.008395829,0.011683133
Al,-0.261586236,-0.320312259,0.045018667,-0.060068103,-0.21765347,-0.111745339,-0.22726659,0.15353909,0.035529766,0.145845725,0.179118763,-0.028851956,0.11521465,-0.192461546,0.323237738,-0.189447957,0.144199686,0.223367254,0.115312672,-0.097245744,0.041674593,0.01844139,0.097685639,-0.141738174,-0.107743901,0.101567813,-0.045324663,-0.000411142,-0.032471677,-0.052085502,-0.069974903,0.040109411,0.153500406,0.009589716,0.072796911,0.066061651,-0.038502448,-0.049260138,-0.101396521,-0.044008066,-0.068244973,0.002013316,-0.055579467,-0.085803126,0.065151556,-0.082487503,0.011230435,-0.007217248,0.030096554,0.034812856,0.047292918,0.009252176,0.026226823,0.019690037,-0.04997737,0.051101097,0.056193165,-0.077308269,-0.216489526,-0.100146014,0.20401741,0.016388158,0.04657514,-0.04080758,0.278634029,-0.03200012,-0.071447233,0.004744577,-0.008929096,0.020212816,-0.002971841,0.01140212,0.007096558,0.003291486,0.003653029,-0.002940731,-0.001093894,-0.005693399,-0.003421476,0.001911991
Si,-0.144367537,-0.297104138,0.12913134,-0.223906327,-0.241173812,-0.255219181,-0.167517018,0.035751242,-0.140284226,-0.265418473,0.311239077,0.154236417,0.023446576,0.354780548,-0.147871702,0.065663545,0.076125149,0.12462855,-0.063821498,-0.046264565,-0.014209915,0.029149431,-0.116646863,-0.000707084,0.169153869,0.139803659,-0.044359082,-0.074252168,-0.071911698,-0.039298773,0.12320553,0.037335619,-0.084610131,0.01575414,-0.054322458,-0.047269409,0.012491383,-0.002464491,-0.006694881,0.008581932,-0.000830669,0.009935815,-0.029572942,-0.044243131,0.054375523,-0.029673612,0.040440964,0.021867999,0.067573791,0.053648746,0.029252149,0.102247734,0.064014259,0.054548189,0.031829705,-0.050318286,0.006758944,-0.013130119,0.00130196,0.009780729,-0.010891498,0.025045437,0.027643132,0.003645788,-0.009685326,-0.018722509,-0.011707895,0.013947604,-0.009364679,0.018383858,0.044179069,-0.036859737,-0.26501891,0.235329515,-0.053577424,-0.005295468,0.001109966,0.016039049,0.025496423,0.00501855
P,-0.142100118,-0.244495858,0.19946926,-0.315422858,-0.131289153,-0.077819864,-0.105291345,-0.050727649,0.264680373,-0.21977947,-0.32129659,0.15925862,0.038585349,-0.038110844,-0.333713422,-0.056135344,0.0972893,-0.042218003,0.151586387,-0.111842755,0.13502991,0.282450805,0.073532338,-0.016718032,-0.058342222,-0.016160488,0.042838635,0.098859913,0.065416451,0.038732783,-0.002319251,0.063056618,0.006999442,-0.039845061,0.032811557,0.021174624,0.040629489,0.025670936,0.004794106,-0.012641292,-0.04724844,0.036196511,0.000726173,0.031909643,-0.016684129,-0.018417563,-0.004265551,0.033914062,0.045836365,0.003363972,-0.023812304,-0.05272158,0.07291043,-0.04182074,-0.127462394,0.058990955,-0.041884998,0.00142002,0.054303492,0.022034366,-0.029183319,-0.03096547,-0.009988183,0.012272068,-0.03487122,-0.048506144,-0.2656225,0.222639308,-0.008677608,0.153430241,-0.029800211,-0.028882273,0.019690851,-0.034181694,0.01677771,-0.002746371,0.006899123,0.035379536,0.0155039,-0.000680084
S,-0.117150055,-0.206717463,0.074302844,-0.1820324,-0.075873368,0.135509995,0.092038749,-0.721676375,-0.048304945,0.209738872,0.049879073,0.014089932,0.092760546,-0.01949491,0.046080738,0.049325921,-0.041392724,0.055005027,-0.046284396,-0.055959346,0.043028998,0.030061668,-0.021139671,-0.025885476,0.030035579,0.038028365,0.033324943,-0.054377205,0.018962089,-0.020910138,-0.06737247,-0.027590116,0.005530632,0.083390681,-0.048563063,-0.037125398,0.059554302,0.083807612,0.044635285,-0.255441015,-0.021660055,-0.088593799,0.135323324,0.003312323,-0.0249877,-0.056981446,0.002210572,0.01357939,0.005780874,-0.040349291,-0.017227668,0.040436555,-0.043217639,-0.011710817,0.016371159,-0.001355901,0.006392584,0.018745748,-0.007131033,-0.027972847,-0.00178097,-0.011039603,-0.011593324,-0.00481871,0.001773509,0.007177065,0.009185797,-0.026525036,-0.00244819,0.040006979,-0.035656964,-0.058093677,-0.056603219,0.03240123,0.350950534,0.012576469,0.018769486,-0.024588948,-0.016168426,-0.005111714
Cl,-0.089706398,-0.165215915,-0.036173473,-0.336849266,-0.175263647,0.5829553,0.345947103,0.272210192,0.024619966,0.011074855,0.105175765,0.018029008,0.002203953,0.028657364,-0.004019329,-0.003301686,-0.023256853,-0.002628715,0.004881767,-0.013345345,0.022265809,-0.03123369,-0.095028874,-0.02316764,0.025814965,0.011733762,0.01226938,0.000576707,0.001081217,0.101033447,-0.039796117,0.068812338,0.027170355,0.131286664,0.058914841,-0.011987068,0.011438583,-0.026751523,-0.009451596,0.010575702,-0.006367039,0.008803484,-0.008865085,0.001995303,0.015312803,0.030149476,-0.000758112,-0.041414989,-0.03716904,0.046698028,-0.019327332,0.033521811,-0.030596767,0.073410069,0.099777873,0.212126596,0.13452812,0.019573989,0.039103905,0.008973706,-0.018256787,-0.027153729,-0.004612549,0.013449383,-0.027051125,-0.003857187,-0.045107687,0.042108579,0.001371297,0.031916308,-0.013446634,-0.031336825,-0.030203822,-0.011255181,-0.035356865,-0.071253913,0.049455734,-0.324118108,-0.090505609,0.010810389
K,-0.090026674,-0.110568294,-0.538480339,-0.325829624,0.450695606,-0.035493208,-0.155967514,-0.007873811,0.058289106,-0.006380577,0.087471871,0.077057668,0.03099986,-0.025689615,-0.047328383,0.02696516,-0.055242506,0.083122444,0.090508764,0.027665881,-0.000376414,-0.018009883,-0.01327374,7.55E-05,0.018508764,-0.015228691,0.004178301,0.008194495,-0.040955952,-0.007930852,-0.023528689,0.01751578,0.040127359,-0.005353869,0.026581303,-0.042028957,-1.75E-05,-0.017810238,-0.013190436,0.006678187,0.016451614,0.005728332,0.01415253,0.054128041,0.024495242,-0.074138837,0.151276151,0.094547553,-0.141707687,-0.080045678,-0.026206845,-0.111978375,0.029932011,0.04189528,0.074582819,-0.041407019,0.027769644,-0.018566727,0.028454598,0.047887208,0.047561615,0.064835582,0.155727444,-0.317522048,-0.06528196,-0.011988508,0.003382988,0.032894027,0.018505371,0.040682234,0.238702038,-0.089268683,0.059548355,0.006379364,0.016898857,0.007438518,0.050999603,-0.007019882,0.006073517,-0.004078686
Ca,-0.315933634,-0.021128276,-0.209649349,0.106934418,-0.024281836,-0.273500737,0.505987284,-0.046688012,0.123038252,-0.065380495,-0.034351687,0.158234088,-0.02875239,0.008456834,0.074402328,-0.051499732,0.08514417,0.02525891,0.02920247,-0.045323602,0.088655382,-0.015220302,-0.025908822,-0.046680366,0.105473092,-0.113257314,-0.134234948,-0.015571628,0.15055517,-0.062624362,0.055273528,-0.023228012,0.072890039,0.034083337,0.015124522,-0.010579547,-0.130168213,0.003198308,0.0285704,-0.025675102,0.059805728,-0.092825838,-0.1339524,-0.072979175,0.142672404,0.121823712,0.193286215,-0.145213162,0.082311867,-0.189509355,-0.228003376,0.151145725,-0.075021387,-0.10124323,-0.150862572,-0.042314986,0.128678756,0.05371622,-0.018932579,0.057153598,0.001250978,-0.043192174,0.046052998,-0.019073017,-0.015035391,0.008784606,-0.003046665,0.007948669,0.001659553,0.004520895,0.037371146,0.002835653,-0.016678174,-0.024086497,0.006560738,-0.051807599,-0.127516485,-0.015095205,0.009306391,-0.014959585
Sc,-0.504790021,0.049677305,0.053282084,-0.036017011,0.020343934,-0.02622115,-0.064620285,0.090502562,-0.139442539,0.210838268,-0.062388503,0.123167446,0.073880091,-0.105166011,0.125706202,-0.116474758,0.038461261,-0.129763279,0.074431668,-0.063825981,0.063643616,-0.026735324,-0.080629367,0.103874101,0.040367394,-0.004648835,-0.060053679,-0.066343015,0.003352199,0.102641841,0.130979275,-0.05968788,-0.444041945,-0.072102347,0.298965611,0.074870359,0.023123802,-0.02473832,-0.108060975,-0.145570456,-0.003860016,0.166402561,0.05563225,-0.02536887,0.115929959,0.02627643,-0.060746852,-0.012847402,-0.142280181,-0.137128471,-0.100452926,0.073880121,0.097169721,-0.05202161,0.098741509,-0.026184969,-0.027758249,-0.131799729,0.083160933,-0.042913381,0.07552068,-0.04609873,-0.005457541,0.044073973,-0.022017621,-0.086060051,0.015706419,0.015939753,-0.026244032,0.005910016,-0.010767711,-0.02851982,0.005817037,0.008398446,0.001772607,-0.012741919,0.000128829,0.009973958,-0.00103495,-0.016134168
Ti,-0.304922192,-0.150680093,0.237850815,-0.106643326,0.213920663,-0.101611892,0.094205469,0.098950551,-0.326182789,-0.004653108,-0.008999038,0.050651588,0.244084393,0.033337396,0.094021099,0.076629549,-0.005578294,-0.139477144,0.01067557,0.048807746,0.026162951,0.014797524,-0.06695545,0.164959574,-0.031802848,0.109363713,-0.126093658,0.079307392,-0.007855699,-0.061069421,-0.092078681,0.045635731,0.021516117,0.039946188,-0.110650148,0.282185659,-0.249859274,-0.351889364,-0.13924342,-0.042813566,-0.034357718,-0.063546659,0.241212261,0.045251795,0.033888914,0.116035706,0.107442111,0.076952888,-0.001410667,0.135897877,-0.005782157,-0.090823984,-0.075162027,-0.026990654,-0.054903642,-0.062602862,0.020218564,0.070566562,0.050591791,-0.014290048,-0.055692093,0.002487751,-0.019100537,0.0056869,-0.002691258,-0.004199618,-0.024788414,0.014620942,0.00502119,0.028584623,-0.004046003,0.011533006,0.012410547,0.006982836,0.014827649,0.002473204,-0.008576015,-0.006399627,-0.003144641,0.002650791
V,-0.23590096,-0.216716716,0.316995673,-0.116281424,0.240025172,-0.081096234,0.045804979,0.138384841,0.165875568,0.120601865,-0.170173337,-0.031736406,0.255983235,0.147393891,0.012110046,-0.036837138,-0.10243288,0.075024654,-0.131239959,0.050464391,0.160348533,0.17169896,0.027276786,0.223141751,-0.026296788,-0.034185453,-0.141048486,0.066910158,-0.022569038,0.019974543,-0.083349874,-0.051465139,0.063363516,0.024826337,-0.129998311,-0.017999089,-0.027050337,-0.036274517,-0.198047825,0.111132918,0.169800525,-0.00768343,-0.045548769,0.079246541,-0.16793362,-0.227693572,-0.167973474,0.004363369,0.085295198,-0.268783959,-0.080331255,0.144576758,0.024992522,0.089398186,0.097310334,0.017240228,0.015853175,-0.021794521,-0.048685231,0.060229642,0.007171095,0.026676121,6.84E-05,0.010390685,0.007838683,-0.002255659,0.025065104,-0.028968706,-0.015032925,-0.052554703,0.004661723,-0.002994301,-0.009459644,-0.002112011,0.005521913,0.005092998,0.009379444,-0.00778031,-0.007887691,0.005669422
Cr,-0.250968309,-0.191717261,0.248922245,-0.01477468,0.201540351,-0.064898646,-0.025664108,0.100462246,0.210787279,0.2664741,0.076193366,-0.078317568,0.219741538,0.06982355,0.045454607,-0.245963593,-0.127930012,-0.108841609,-0.092653011,0.047505464,0.132417503,0.106920429,-0.022565317,0.147033492,0.129515115,-0.014440853,-0.13113895,-0.00997954,-0.158609713,0.026543219,-0.079519661,-0.209350959,-0.027711421,0.081252594,-0.09093836,-0.234369608,0.146092164,0.164928334,-0.12477263,0.054888225,-0.112914296,-0.039082083,-0.088274565,-0.143308298,0.081509206,0.157179379,0.135254147,-0.113613174,-0.134826958,0.142373007,0.152967193,-0.065452308,-0.066624206,-0.047532872,-0.084550011,-0.013663613,-0.011577589,0.028281315,0.014660525,-0.050596824,0.022021054,0.01346935,-0.060319353,-0.030214817,-0.071362611,0.012620135,-0.027752436,0.020678251,-0.010113589,0.009588648,-0.003365945,-0.0002872,0.01150517,0.005483005,-0.003905457,-0.001517256,-0.008095883,0.00479039,0.006899504,-0.006108751
Mn,-0.244165486,-0.314134103,0.089306227,0.208665722,0.141378059,-0.112114594,0.125031773,0.1161918,0.093743209,0.259128011,0.121862532,0.023013549,0.242226945,-0.036067063,-0.250297402,0.042973136,-0.063054391,-0.092831363,-0.08762361,0.006912492,-0.082782151,0.019238153,-0.069678748,0.004867429,-0.000847605,-0.171336375,-0.026207084,-0.068516267,-0.128988463,-0.076564222,0.03094418,0.069635855,0.044598111,0.073636986,0.110276451,0.045833492,-0.194329207,-0.086402435,0.34526838,-0.136165264,-0.158217039,0.067797431,-0.128259366,0.171030037,0.024879136,-0.039066989,-0.019441467,-0.182428968,0.115871491,-0.118441025,0.180413115,-0.110519703,0.092253266,0.104779083,-0.000358312,0.020638169,-0.041576566,0.004574845,0.035286173,-0.047334713,0.059695474,0.006443725,-0.002198736,0.001131095,-0.006337203,-0.007016,0.003572592,0.002392411,-0.001529592,-0.007233053,-3.20E-05,0.000957442,-0.007097416,0.013848502,0.006966006,-0.003893828,0.001231164,-0.000340078,-0.002135556,-0.000786052
Fe,-0.263256811,-0.320156289,0.130536658,0.228800416,0.141716716,0.013789021,-0.027842149,0.123107261,0.206555603,0.221144742,0.234435913,0.077046786,0.279947125,-0.105210766,-0.12179933,-0.084221396,-0.059371181,-0.099693091,-0.154097018,0.003190264,-0.056624629,0.035407651,-0.00884684,-0.101370172,-0.022498148,-0.072838667,-0.011856508,-0.087350685,-0.045320906,-0.012252277,0.123806266,0.013837897,0.057550501,-0.069488593,0.062998998,-0.068719673,0.003444182,0.012221422,0.214712168,0.090399987,0.020413619,0.000334015,0.045224802,-0.05535934,-0.044972602,0.008309869,-0.118178727,0.332434522,-0.037209656,0.177114655,-0.248210028,0.106508765,-0.123692964,-0.12670396,0.018632717,-0.032316932,0.015555609,0.029741733,0.072848578,0.09025866,-0.015523066,-0.025031549,0.066701004,0.00126448,0.109724597,0.000752104,-0.031325433,-0.010485414,0.01469408,0.010412418,0.000924343,-0.006922507,-0.008762991,-0.004408639,0.00196035,0.000788897,0.002941343,-0.006154235,0.002327634,0.007505604
Co,-0.207875608,-0.402806569,0.023814956,0.380837613,0.116204447,0.089506232,0.006871296,0.053328176,0.091968102,0.039984392,0.111356848,0.155625333,0.206298116,-0.093824616,-0.198786763,0.050137823,-0.126533424,0.014029253,-0.100111551,0.002704849,0.021262169,-0.106744969,0.115876486,-0.201051496,0.043339483,0.161788656,0.149285153,0.005834933,0.117073373,0.006945063,0.062821825,0.018782134,0.063422529,-0.081791611,0.085901398,0.106778919,0.017439192,0.013524701,-0.071790878,0.081438905,0.098828677,0.001828864,0.187123097,-0.065761654,-0.061119474,-0.086796993,0.101970251,-0.15494909,-0.086939395,0.00854036,0.025822171,0.12856765,0.082680934,0.03958918,-0.088614137,0.005255957,0.007575689,-0.130135542,-0.125502565,-0.104060574,-0.15614703,-0.111712165,-0.194542771,-0.125413549,-0.10420361,0.016539393,0.024157445,0.008835414,0.005268174,0.007471114,0.009486135,0.014125355,0.003574086,0.003980751,-0.011141565,0.006580069,0.007494171,-0.001581748,-0.000216305,-0.000675979
Ni,-0.210154517,-0.431795867,-0.047443173,0.380070674,0.053356188,0.121673138,0.005515739,0.010204821,-0.039868351,-0.0277691,-0.012567773,0.073983899,0.195886163,0.080567697,-0.189742979,-0.050900897,-0.193273772,0.056759717,0.002238071,0.002848098,-0.011963639,-0.1342675,0.123919137,-0.249742635,0.015809004,0.048536302,0.109291319,0.00485656,0.108760232,0.042083016,0.080866388,0.123286033,-0.042693098,-0.091563215,-0.089672181,-0.037499551,0.062169212,0.016678734,-0.263080075,-0.031584695,0.071917706,-0.076362147,0.07868644,0.026914856,0.099637054,0.0502908,-0.013927367,-0.089491295,0.017520889,-0.088427807,0.110312,-0.088564604,-0.038116283,-0.04283886,0.009440696,0.056322281,-0.041342855,0.112608999,0.146104687,0.075752268,0.128126362,0.129656857,0.242676189,0.152532643,0.039787492,-0.016636799,0.001698801,-0.008287655,-0.014083815,-0.01161371,-0.01419634,-0.014053495,0.006628721,-0.012193564,-0.001230489,-0.005135179,-0.002824693,0.00282055,-0.003791202,-0.00120639
Cu,-0.183931003,-0.380144034,-0.207272315,0.234531178,0.051923839,0.070787996,-0.092369585,0.002199667,-0.06683435,-0.02975343,-0.129252523,-0.07689683,0.101175828,0.15047573,-0.036177615,-0.152271232,0.088863919,-0.063769249,-0.182048396,-0.068523752,-0.180662041,0.036843445,-0.201066602,-0.174835732,-0.207237923,0.170084611,-0.027905636,-0.002886186,0.273769299,-0.009298724,-0.172783293,-0.034206136,-0.139916199,0.117870481,-0.048277159,0.01720387,0.007411561,0.064349181,-0.063176306,-0.042573133,-0.0519273,0.008944754,-0.242027951,0.096116453,-0.008509749,0.177192816,0.009232271,0.266259095,0.064889982,-0.136363929,0.05634059,-0.039495845,-0.073277322,0.023837039,0.030232992,-0.003468383,0.027797918,-0.061933678,-0.082513495,-0.101468191,-0.071269288,-0.043777051,-0.046548581,-0.031189276,-0.051535711,-0.012348722,-0.006192051,0.007806138,0.001620872,-9.14E-05,0.011154347,0.007492085,-0.004089263,0.000809577,-0.006135703,-0.001495672,0.003537389,0.003322467,-0.005110353,-0.000570497
Zn,-0.213665842,-0.409549299,-0.150908388,0.164193341,-0.192068344,-0.129075385,0.081374389,0.084213949,-0.092162014,0.169883487,-0.11700954,-0.193475296,-0.009866895,-0.076612263,-0.200505757,0.170181731,0.116060415,0.161201388,0.125881831,-0.079609577,-0.086376237,-0.081087188,-0.055514722,0.014081519,0.017896438,0.099645086,-0.027009711,0.007773041,-0.07596234,0.012984012,-0.13419057,-0.067381484,-0.028765215,0.044219833,-0.050112551,0.027119663,0.05181614,0.003119802,-0.031954602,-0.060453298,-0.104664657,0.074478317,-0.083300657,0.035982863,-0.436323784,0.072541657,0.125880798,-0.091194891,-0.193555042,0.067412132,-0.089965641,0.091229163,0.135428381,-0.009818564,-0.013123927,-0.118683869,0.097995444,0.047093011,0.072121133,0.093481752,0.021522629,0.033190337,0.045557746,0.069192137,0.057083695,-0.025907024,0.001993726,0.008487073,0.001437336,-0.004558251,-0.005797035,-0.001883868,0.010201516,-0.009114861,-0.004623837,-0.000783756,-0.002296127,0.000179278,0.000176435,0.000583441
Ga,-0.261334878,-0.324980192,0.034058077,-0.114537281,-0.254968753,-0.145295576,-0.231865318,0.125757226,0.030258307,0.112509983,0.187267086,-0.062583888,0.061826454,-0.169325359,0.325190929,-0.177334548,0.142248039,0.213330575,0.124078961,-0.078506623,0.015177518,0.041987838,0.096621749,-0.141621309,-0.11784675,0.053341057,-0.016580646,-0.029996008,-0.048120524,-0.070754163,-0.02719697,0.045599509,0.163158507,-0.007651955,0.099396845,-0.007638207,-0.036670412,-0.015785695,-0.048720228,-0.063517165,-0.001502295,-0.03093907,-0.085955794,-0.042677193,-0.004705691,-0.030922118,-0.033989368,-0.018589704,0.04546609,-0.03272219,-0.041802985,-0.059180385,-0.011657863,0.0058921,0.066004357,-0.003005053,-0.128244358,0.082588421,0.234022402,0.088309834,-0.190829206,-0.020325362,-0.047627517,0.047361962,-0.284983487,0.030019085,0.078324737,-0.005023147,0.03003718,-0.014359338,0.001708654,-3.83E-05,-0.008677044,-0.009413311,-0.004583425,0.006533093,0.003758273,0.010156837,-0.003108123,0.004698027
Ge,-0.150790811,-0.305105732,0.112327449,-0.218846529,-0.257520899,-0.277266079,-0.164125872,0.041298418,-0.157816261,-0.279066834,0.332543096,0.149879095,-0.00397508,0.371706502,-0.135214514,0.065048222,-0.003720102,0.093739864,-0.073149255,-0.069971552,0.004930443,0.011807817,-0.11647842,-0.004261059,0.097788308,0.089959353,-0.079646137,-0.110642633,-0.063092382,-0.00465793,0.080377638,0.011662812,-0.070713461,0.011477059,0.00293281,-0.039976267,0.015326284,0.007286107,0.033001538,0.009410786,0.005651158,0.011883977,0.00037853,-0.038004015,0.008454466,-0.021694908,0.010592472,0.004351442,0.02916469,-0.005785228,0.002140254,0.019069181,0.001590316,0.02201778,0.014635461,0.00574592,0.005420019,-0.008855892,-0.004367476,0.002802323,0.013872022,-0.005410753,-0.025176166,-0.010919587,0.012106596,0.01866242,0.03641274,-0.02949819,0.005987104,-0.032146178,-0.044702386,0.048733685,0.293547732,-0.248928874,0.06770771,0.007003764,-0.003750853,-0.019214839,-0.027151933,-0.006716795
As,-0.16080093,-0.253787186,0.177874239,-0.29971047,-0.150868076,-0.082091943,-0.14595483,-0.05451119,0.303964569,-0.197987433,-0.326620459,0.14354318,0.028726887,-0.131305739,-0.294176858,-0.087377987,0.021313296,-0.15304648,0.146236048,-0.161250277,0.058644717,0.194266509,0.066080691,-0.027606978,-0.040848623,0.004723557,-0.027302357,0.064876733,0.032892423,0.129312865,-0.051372032,0.036345938,0.021384088,-0.04450222,0.037656913,0.086878629,-0.022657962,0.05047642,0.032277839,-0.052130247,-0.042372923,-0.000941902,0.032091178,-0.036289785,0.036634923,0.070403607,0.067872174,0.018006437,-0.016764543,0.074829174,-0.011599533,-0.030893279,-0.018732828,0.03044836,0.035136166,0.022086598,0.044852702,0.032756927,-0.003907919,-0.042397238,0.044061782,0.001194338,0.01043128,-0.027889707,0.037820019,0.045861281,0.277456982,-0.226879059,0.01406116,-0.16810643,0.030095901,0.031139511,-0.021482323,0.038987907,-0.014692543,0.00030092,-0.006287102,-0.036261563,-0.014956959,0.001049847
Se,-0.124264244,-0.203769088,0.071878752,-0.190095968,-0.086708405,0.121930264,0.090614516,-0.71461634,-0.075896346,0.184725765,0.054943021,0.030964407,0.112154969,-0.039686161,0.035575381,0.052596889,-0.056863542,0.042108167,-0.066128891,-0.029158947,0.030871168,-0.007993668,-0.053655022,-0.045361412,-0.02196681,0.017769848,-0.077827675,0.195539555,-0.051924928,-0.062625442,0.043921624,0.024584125,-0.000768355,0.121862157,-0.02520014,-0.014763854,0.066357391,0.065949173,0.045779351,-0.207535889,0.039353718,-0.042425378,0.089410061,-0.001523542,-0.006366367,-0.036265612,-0.017440355,0.026590265,0.005366837,-0.006551245,-0.020206383,0.025437895,-0.011342259,0.01226749,0.009066131,-0.009556162,0.011317355,0.002826478,-0.002915741,-0.015438311,0.026916731,0.016889,-0.012226987,-0.001064843,-0.017343416,-0.005088615,-0.026702414,0.035489461,-0.003698193,-0.041565438,0.035008883,0.058339307,0.059219647,-0.030973571,-0.35629737,-0.013148441,-0.017858883,0.024969222,0.0173967,0.005206862
Br,-0.093157388,-0.16051544,-0.027415288,-0.323807115,-0.170772403,0.577909117,0.337819971,0.280798961,0.03270831,-0.004950498,0.09253746,0.018953242,0.017709014,0.01352114,-0.01582651,-0.025178929,-0.023522872,0.025357095,-0.00448849,0.006516321,0.087044724,-0.044868684,-0.209563097,-0.033033157,-0.042785676,0.011189729,0.059424822,0.030822848,-0.038174164,-0.042982835,-0.015971672,-0.055239479,0.00688457,-0.087216203,-0.021951494,0.046533653,-0.055729009,0.064472423,-0.003616628,-0.017447664,-0.028318355,-0.003221111,0.003348357,0.006778401,0.008106565,0.012844288,0.005570369,-0.039945951,-0.020032541,0.033211309,-0.03385022,0.014147939,-0.041166059,0.07334389,0.093690955,0.186859986,0.130217333,0.02782071,0.029312955,0.010236237,-0.006183749,-0.02723495,0.001053584,-0.01496895,0.006445193,-0.000845887,0.003965209,-0.003695892,-0.00175372,-0.017592966,0.01243265,0.026114391,0.024699552,0.01920262,0.036550218,0.069494546,-0.05129561,0.332277567,0.089236476,-0.015618084
Rb,-0.080674272,-0.103133636,-0.514862617,-0.3253381,0.449948075,-0.030587701,-0.162698093,0.000428127,0.065516418,-0.004405931,0.123210444,0.08793145,0.033212678,-0.058293824,-0.083620084,0.043812566,-0.142211743,0.152383005,0.195213044,0.116067679,-0.082489883,0.0308434,-0.054209743,-0.02509657,0.028399316,-0.043689799,-0.076609684,0.005534778,0.045383728,-0.045385751,-0.108251755,-0.045950318,-0.039513272,0.017742435,0.046944371,0.020859374,0.025932778,0.007150251,-0.004840915,0.01895035,0.008550146,-0.007828968,0.027056682,8.87E-05,0.009783983,0.026939407,-0.043944493,-0.007792136,0.025555365,0.012172891,-0.009721595,0.016679753,0.003680937,0.007284247,-0.003530857,-0.013456105,0.002750266,-0.015881135,0.005007612,0.013326599,0.007114959,0.009901053,0.050793787,-0.100540189,-0.024456549,0.002935241,0.013463598,0.015201599,0.007050172,-0.024747626,-0.387706548,0.14452497,-0.088245733,-0.009311802,-0.018292306,-0.014359136,-0.056138045,0.003990479,-0.002995542,0.002258833
Sr,-0.250523868,-0.048969774,-0.226390031,0.088903689,0.002746523,-0.319657407,0.590795602,-0.061422241,0.200575065,-0.114761391,-0.008265344,0.26757676,-0.047949356,0.02555002,0.173240737,-0.14148656,0.040090949,0.010951163,0.029971634,0.019431071,-0.080538807,0.049667041,0.012144216,-0.032544582,-0.056362353,0.106164849,0.038473,-0.001202276,-0.138600095,0.056951733,-0.028969389,0.026206532,-0.083303521,0.002263252,-0.067116997,-0.02223251,-0.025732835,-0.00531719,0.041714765,0.025133872,0.025392152,-0.037149085,0.017329979,0.01328143,-0.010761296,0.018389126,-0.022455649,-0.026914753,-0.023285075,-0.01167142,-0.011287217,-0.009809561,-0.026173009,0.005891239,-0.031623542,0.005865997,0.004397318,-0.012681167,0.00594555,-0.001249816,-0.000190908,-0.000562546,-0.010258037,0.011439492,0.014899174,-0.006018507,-0.003514008,-0.008960367,0.023851529,-0.024259261,-0.105162515,-0.050843923,0.078857691,0.097237874,-0.034196161,0.136942681,0.340176209,0.023695509,-0.002713868,0.014992615
Y,-0.690483922,0.273418225,-0.012728232,0.027709829,-0.061677388,0.06547971,-0.127331926,0.025313053,0.003816806,0.122039548,-0.026732068,0.097603251,-0.065998286,0.029777034,-0.011214119,-0.014525244,-0.030555563,0.014063625,-0.018765408,0.028433347,0.006076292,0.007894677,0.00475273,-0.007375469,-0.012334288,0.038702218,0.005615762,0.001202447,-0.019792355,0.003222757,-0.037163268,0.044076606,-0.008003672,0.002527961,-0.04925689,0.011767886,-0.001481996,0.001593506,0.036835022,0.009589919,-0.019594202,0.019055838,-0.006486356,0.011317402,0.017332685,0.044165843,0.046881205,-0.020417861,0.043142856,-0.052421686,-0.082598162,0.016886309,0.146771158,-0.177624706,0.092719544,0.066363212,0.010102129,-0.026298835,0.05521403,-0.12454112,-0.114517075,0.295317936,-0.053155815,-0.03800355,0.069009782,0.357570234,-0.068357976,-0.050036538,-0.14948162,0.05351127,-0.004361537,0.026443437,0.016688908,0.018308102,-0.00563951,0.039012992,-0.006455183,-0.018269243,0.042034015,0.048271753
Zr,-0.351142505,-0.061252709,0.202616755,-0.1371369,0.234550129,-0.080820296,0.143043622,0.067321947,-0.542672183,-0.084129321,-0.034723722,0.072542945,0.088469565,-0.190241277,0.041867072,0.038112781,0.05843965,-0.287108523,0.182487161,0.024498066,-0.017353553,0.030903164,-0.00602192,-0.104703356,0.053036901,0.010842846,0.059935472,-0.02295977,0.016637513,-0.053219282,-0.031847296,0.057405689,0.069774299,-0.046051729,-0.046081134,-0.101851907,0.13619362,0.10253935,0.040153452,0.043035631,-0.001968869,-0.034726984,-0.088864907,-0.012296292,-0.02637035,-0.057883852,-0.026980239,-0.005417098,0.0170124,-0.038149937,0.015007676,0.040381143,0.014712017,0.007221999,0.03703592,0.002752824,-0.001677954,0.001810067,-0.01805436,0.036196666,0.017776051,-0.033246615,0.013914351,0.017631093,-0.013112628,-0.015981741,0.010530426,0.011781451,0.014540676,0.074380246,0.045845989,0.246449928,0.16132185,0.214493316,0.035635528,0.042982837,-0.046906053,-0.053900707,-0.001897642,0.020044157
Nb,-0.210410728,-0.144437307,0.35454773,-0.20311411,0.334015559,-0.066721736,0.094364512,0.115424218,0.028958139,0.007474185,-0.358692819,-0.060915022,0.035931505,0.167825951,0.223720863,0.259588791,-0.03823198,0.302039746,-0.135124309,0.048855941,-0.052166096,-0.0103943,0.036560311,-0.100382843,-0.007385534,-0.023577596,0.044504264,0.00469176,0.022078771,0.041076401,0.08044829,0.012565604,-0.025317759,-0.021495478,0.055816918,-0.016029502,0.062409151,0.027268213,0.08534796,-0.024787943,3.08E-05,0.019092237,-0.023160375,-0.018475198,0.007212533,0.041219731,0.032486556,0.015613973,0.009889184,0.043785464,-0.01569646,-0.028784832,0.040359134,-0.004002,-0.020089227,0.031121618,0.019248751,0.034702219,-0.001654618,-0.082794546,0.021943767,-0.049679258,0.035226737,0.023247257,0.010813568,0.021348945,0.180259259,-0.082158748,0.089126063,0.338202439,-0.031701668,-0.030184517,-0.00737559,-0.036781392,-0.048070807,-0.011540367,0.015202732,0.015229096,0.037840061,-0.011258685
Mo,-0.156154996,-0.180905577,0.308817399,-0.041586268,0.315084622,-0.021633699,0.078974017,-0.066927578,0.180310874,0.232856599,0.141420973,-0.211673929,-0.267125999,0.320816017,0.004673362,-0.107657405,0.033678517,-0.13225184,0.251882376,0.009634924,0.088889281,-0.079452183,0.014572947,-0.020395214,0.05524473,0.1538836,0.026722669,-0.005111522,0.095644986,0.030321295,-0.06613063,-0.044270996,0.005526722,-0.045576944,0.008474087,-0.023978866,-0.043454176,0.004292526,0.046108834,-0.112449582,0.00766871,0.027624134,0.021821537,0.029449497,0.03156545,0.02735983,0.022961152,-0.037685179,0.032435577,0.003023075,0.005794153,-0.085951959,0.075691061,-0.033306842,0.005393292,0.076950605,-0.087226361,-0.156305824,-0.077483275,0.218795342,-0.269928293,-0.069135848,0.125190183,0.005352079,0.167216152,-0.022764003,0.019569162,-0.023601089,0.017158815,-0.011767578,0.010684307,0.011008444,0.000471542,-0.00723397,-0.03096515,-0.007843262,0.002863001,-0.003426505,0.00078943,0.004494755
Ru,-0.172756011,-0.352898485,0.145589526,0.309589957,0.211580154,0.18288124,-0.10865823,-0.004581577,0.174654291,-0.131169319,0.148246719,0.183011754,-0.197978501,-0.208686361,0.104473812,0.279306593,0.089705145,-0.041082914,-0.083326798,-0.084601186,0.032608858,0.055201363,-0.098528501,0.082817553,-0.0005529,0.101649489,-0.067015517,0.038865235,0.07307511,0.014390515,-0.088131312,0.009704629,-0.015715394,-0.040495163,0.002070723,-0.104186629,-0.02028737,-0.048325921,0.012839363,-0.04635346,-0.02322815,-0.003855919,0.009973915,0.016970971,0.034511855,0.040882778,-0.016736248,-0.006169152,0.048688146,0.067199205,-0.052254592,-0.065251087,0.04389059,-0.035717692,0.008680049,0.053076489,0.017754734,-0.101764907,-0.170539701,0.280994371,0.198880273,0.191420983,-0.120164107,0.056669598,-0.177535796,-0.009736596,0.035011513,-0.006728929,0.013243779,0.03833955,-0.004899951,-0.009087766,-0.006187958,-0.007767139,0.009030738,-0.001438708,0.00542086,0.007198845,0.007030891,0.004655127
Rh,-0.222587889,-0.430080926,-0.00029902,0.32424614,0.061321883,0.210654108,-0.124357713,-0.055771547,-0.019940887,-0.19433214,-0.033275527,0.119171808,-0.038560274,-0.032815925,0.124715451,-0.032395002,-0.116682153,0.033823769,0.089327118,0.024754239,0.160787215,0.010759808,0.089223562,0.122799811,0.196527121,0.051344816,0.098332303,-0.003432431,-0.11819514,-0.013828961,0.060239367,-0.138872663,0.010524486,0.170144012,0.05589532,0.198330786,0.054816362,0.113308925,0.093185603,0.080419774,0.041769271,0.010391243,-0.053610463,-0.030314748,-0.024883949,0.049944726,-0.01806994,-0.01798676,0.093615441,0.018444096,-0.201847377,-0.248513375,0.015251729,0.104029267,0.135076242,-0.126237728,0.066562821,0.053252621,-0.143462691,-0.143922472,-0.082145447,0.001488397,0.137879047,0.103386634,-0.042572901,-0.023907905,-0.035341436,0.04381289,-0.008121551,-0.025564468,-0.004466137,-0.003066125,0.013947257,0.00841615,0.013916415,0.000337186,-0.002898305,-0.002552576,0.00804762,-0.002747715
Pd,-0.222407814,-0.432820792,-0.117854756,0.282347519,-0.039925646,0.189576677,-0.050476417,-0.068686244,-0.194123142,-0.176081164,-0.161889901,-0.057518599,-0.000977805,0.180213596,0.030978566,-0.184073012,-0.171494576,0.100062914,0.186261459,0.016001551,0.002039371,-0.055133099,0.038313056,0.015751292,-0.073613947,-0.197312316,-0.031647647,-0.027693358,-0.043487053,0.089927667,0.063303764,0.072627204,-0.020585778,-0.050325707,-0.088110366,-0.156591743,0.004922243,-0.055268528,-0.056809654,-0.080324147,-0.023098223,-0.019825912,-0.022909185,0.071313618,0.0605828,0.054082273,-0.072490419,-0.074212139,0.059669659,0.067373998,-0.157379809,-0.095538385,0.051383349,0.062733054,0.073010189,-0.091190209,-0.018872598,0.060068303,0.060022927,0.098587833,0.041185919,-0.089761448,-0.314434654,-0.167343193,0.156385392,0.002611071,-0.017615843,-0.013312461,0.019236764,0.021066374,0.01147536,0.007942175,-0.023557161,0.012052574,-0.002377106,0.00156899,-0.003654778,-0.006129704,0.00146686,0.003107449
Ag,-0.166689594,-0.336047835,-0.332959556,0.065362575,0.049563163,0.056260034,-0.129360215,-0.022557902,-0.094097768,-0.023637635,-0.231716789,-0.185345587,-0.039355076,0.175553944,0.067938578,-0.09640255,0.204970613,-0.174067496,-0.237681525,-0.027927577,-0.072396757,0.123968216,-0.17731612,-0.033132659,-0.090079156,0.099954724,-0.05560737,-0.018552963,0.070930846,-0.011531986,-0.100071998,-0.077031937,0.07005521,0.104623921,0.054528861,0.092524262,0.020975429,0.086466908,0.078713123,0.100997502,0.06641637,-0.037681032,0.061159048,0.086180605,0.253351811,-0.283657467,-0.080032184,-0.196519738,-0.136753848,0.164394419,-0.073077428,0.031865272,0.120218034,-0.042087289,-0.061023098,-0.052140988,0.012739176,0.091657579,0.06553552,0.041257511,0.006932855,0.020086013,0.048861555,0.025188763,0.021415345,0.00242155,0.010525757,-0.002577408,0.005417761,-0.00268296,-0.014369596,-0.007215968,0.010039816,-0.000358796,0.001555136,-0.001020023,-1.46E-05,-0.000449748,0.005130119,-0.000576625
Cd,-0.205284456,-0.337659236,-0.206058979,0.081773827,-0.236790011,-0.209368136,0.156131669,0.076320315,-0.055338056,0.200354782,-0.117032464,-0.23974369,-0.13885672,-0.107104186,-0.164445651,0.240774531,0.073016452,0.044259243,-0.003885699,0.126618228,0.084335798,0.057889631,0.009033184,-0.0541344,0.231587174,-0.013372689,-0.009216417,0.051965465,-0.09334634,-0.038103277,-0.10818614,0.019923411,-0.020250293,-0.004546601,-0.051515647,0.011470956,0.022978039,0.014205379,-0.064596363,0.045578586,0.016544185,-0.013362366,-0.002193091,0.144864658,0.145215416,0.019554718,0.072137803,0.033777635,0.027721887,0.080406319,-0.175737506,0.055620757,-0.182353743,0.137979749,0.055127193,0.122506031,-0.333614328,-0.149296327,0.006889689,-0.098485602,0.056996725,0.003485417,-0.006942501,-0.005764342,-0.003811645,0.005773705,-0.011912517,-0.017985244,-0.015501275,0.01061791,0.00674296,0.002697972,0.008367464,-0.006340835,0.001893997,-0.003479699,0.003223233,0.002324737,-0.001743186,-0.005041026
In,-0.267139287,-0.267346638,-0.075880745,-0.120833795,-0.2513982,-0.156275385,-0.190088409,0.136952244,0.037389674,0.171851381,0.10404106,-0.152199684,-0.104192895,-0.191498641,0.258676854,-0.003866597,-0.058930138,-0.011513602,-0.000945588,0.029919297,0.22454255,0.067720659,0.028571211,-0.052104246,-0.010911463,-0.068168848,-0.008570306,-0.002856594,0.091162003,0.145431992,0.078957657,0.095603072,-0.155244212,-0.006281925,-0.196785018,-0.030731234,0.02148653,0.105761034,0.173020511,0.154421954,0.072925601,-0.058821008,0.21634354,0.316436266,0.022130825,0.184970675,0.019121208,0.029307457,0.060890516,-0.016580202,0.129046236,0.111666075,0.117623561,0.0597933,-0.030284923,-0.065348332,0.129282367,0.050434584,-0.022593666,0.015073988,-0.02947592,-0.015146333,0.030226596,-0.019782654,-0.023296962,-0.041140435,-0.002959268,0.007382342,-0.014007082,-0.006884569,-0.000300393,-0.008268972,0.017873311,-0.002638354,0.003463556,-0.00344559,-0.01463873,0.000804626,-0.000465415,-0.005896115
Sn,-0.188630744,-0.317063958,0.037686363,-0.184347943,-0.247482767,-0.2923618,-0.060702805,0.083360775,-0.164216832,-0.104651472,0.264328306,0.018860429,-0.129878929,0.153784635,0.052716103,0.145393303,-0.221597776,-0.096554733,-0.078486941,-0.069948615,0.056404543,-0.001762392,0.054477045,0.035274673,-0.176176959,-0.173745413,0.0728787,0.019427976,0.088173985,-0.054197497,-0.117267701,-0.073325802,0.056896825,0.008044006,0.104018429,0.032501332,0.062560873,0.042668874,0.029524612,0.033811384,0.031254685,4.93E-05,0.060069947,0.126598682,-0.130603006,0.053249058,-0.134829161,-0.102254582,-0.231128167,-0.139809988,-0.085194904,-0.205006355,-0.171755799,-0.196049717,-0.105271874,0.108051666,-0.016860758,-0.025038795,-0.045977265,-0.04374996,0.045662092,-0.039161204,-0.021767027,-0.00772865,0.012917236,0.030254622,0.006367043,-0.018079619,-0.003770288,0.001652935,0.01603041,-0.006482137,-0.071708407,0.054360013,-0.030038953,-0.006022162,-0.001273885,0.001729801,-0.001743083,0.000515885
Sb,-0.222732098,-0.258052876,0.198808011,-0.289251058,-0.133275699,-0.122559571,-0.164400177,-0.013287662,0.27250709,-0.123661521,-0.238504982,0.024756311,-0.084360514,-0.131569194,0.028300088,0.010828149,-0.133281255,-0.13460313,0.019115781,-0.132451008,-0.247585213,-0.306475688,-0.07637049,-0.079321983,0.06714658,-0.040779622,-0.026573593,-0.022850815,-0.051755795,0.022855182,-0.055939812,-0.040732756,0.061860028,-0.023289977,0.002999967,-0.016088876,-0.140689967,-0.01455067,0.019774863,0.026067021,0.048883188,-0.087841713,-0.001562275,0.001675657,0.060295515,0.019673733,-0.05698686,-0.10763862,-0.122764289,-0.035373478,0.115502023,0.117660984,-0.212887972,0.01949145,0.261333427,-0.200684691,-0.005356207,-0.024127961,-0.084303041,0.034451927,-0.070916878,0.062377035,-0.014430848,0.029941256,0.02590598,0.00194629,-0.090721209,0.048015566,-0.010080723,0.088406324,-0.009149635,-0.007506897,0.002788049,-0.021428172,-0.006566934,-0.010619486,-0.000530337,0.015540801,-0.002902919,-0.01292753
Te,-0.144985141,-0.227841046,0.067954132,-0.169152892,-0.079493692,0.101468976,0.078891914,-0.531346891,-0.074723192,0.125578916,0.074428099,-0.012321928,-0.004732915,-0.038196723,0.006201388,0.019224609,-0.04076938,-0.029052698,-0.023982823,-0.014191434,-0.062181054,-0.036656066,-0.000897806,-0.062203395,-0.076536292,-0.017519478,-0.121538725,0.354124064,-0.060454849,-0.092235483,0.1714268,0.083621984,-0.062151732,-0.053370749,0.092797104,0.021344665,-0.043505122,-0.119483922,-0.06228701,0.439268649,0.0466545,0.159938349,-0.237097006,0.009671047,0.024153123,0.093077454,0.004269372,-0.043207936,-0.040069525,0.045615287,0.032889156,-0.045920403,0.06528135,0.00593877,-0.018002988,0.018181355,-0.004580742,-0.030028709,0.002724557,0.051577596,-0.02711067,-0.004215266,0.014476439,0.001660023,0.025171683,0.006776436,0.034985317,-0.019692446,0.007567092,0.001356327,-0.011510231,-0.012302837,-0.010534025,-0.001566072,0.096472461,0.007020488,0.004215975,-0.001206819,-0.00078744,-0.000516898
I,-0.110351688,-0.192423818,-0.004165519,-0.296173268,-0.144907106,0.4790662,0.27709168,0.196768542,0.047291258,-0.030712033,0.01373224,0.026699411,-0.011554471,-0.014945718,-0.024658712,-0.010848251,0.008231066,0.050836899,0.007054151,0.039022047,0.143329269,-0.016167869,-0.183751337,-0.056676415,-0.132840248,-0.029572498,0.06670517,0.003606021,-0.088378736,-0.213218286,0.060763271,-0.169899664,-0.037593502,-0.276913294,-0.109912751,0.068014341,-0.040118482,0.10073161,-0.00260788,-0.034056766,0.005747196,-0.013408175,-0.017590064,0.018548428,-0.008145301,-0.035007409,0.001726339,0.047804958,0.048752681,-0.049615362,0.040235901,-0.03632888,0.059497728,-0.114184699,-0.143817272,-0.310524349,-0.211139127,-0.030843308,-0.062078287,-0.023442573,0.025557255,0.050222144,0.008774593,0.002086696,-0.000115398,0.004717086,0.034897261,-0.031690328,0.009934515,-0.010194699,-0.000520464,-0.006257054,-0.003771102,-0.013357768,-0.008936086,-0.016269077,0.015184616,-0.100947526,-0.027848513,0.005415326
Cs,-0.073855149,-0.100107096,-0.476032685,-0.305520062,0.414436325,-0.023868775,-0.152622977,0.000642744,0.055052802,0.000449711,0.111951044,0.080319814,0.036898137,-0.053491767,-0.08203838,0.054758531,-0.144302873,0.147021764,0.203395227,0.127045236,-0.106077363,0.046821899,-0.046831935,-0.028960515,0.033658385,-0.038868439,-0.107239895,0.009018574,0.06447542,-0.068819167,-0.130523031,-0.062761151,-0.06195265,0.012479612,0.063287942,0.046387706,0.029560605,0.030657073,-0.000389329,0.025359447,0.009611681,-0.021487761,0.02769565,-0.034803396,0.000657492,0.088166382,-0.16060828,-0.075050069,0.142182867,0.081854497,0.035182424,0.108749648,0.00390695,-0.047396596,-0.065783498,0.031590431,-0.01366224,0.033586427,-0.018467826,-0.038965126,-0.037845423,-0.048836909,-0.134981478,0.287668163,0.059848909,0.005743505,-0.012410411,-0.03933576,-0.017865903,-0.005368667,0.217463724,-0.081252965,0.043540367,0.007151128,0.009157963,0.012942786,0.028749704,0.003167709,-0.000215938,0.001260321
Ba,-0.205791276,-0.079313125,-0.206564275,0.077308753,0.012122157,-0.294210806,0.535745514,-0.047865758,0.180324348,-0.076883589,-0.014365471,0.264873174,-0.043637825,0.035005421,0.154848321,-0.110445716,0.006837262,-0.004928482,0.046428017,0.056668293,-0.134374166,0.066729378,0.032926121,-0.026465927,-0.115003315,0.186730881,0.129092838,0.017293336,-0.238972312,0.082804711,-0.078105324,0.033907429,-0.137091927,0.009738914,-0.075805571,-0.038506751,-0.01919656,0.010162626,0.027701841,0.050516831,0.000717086,-0.022506333,0.082033714,-0.015591883,-0.059747956,-0.049839852,-0.161099681,0.066359655,-0.088358421,0.047834998,0.076728714,-0.078303716,0.061925862,0.079530568,0.012592664,0.032023923,-0.054808434,-0.02626265,0.004668122,-0.020885035,0.006763058,0.010125332,-0.013596096,0.007513842,-0.004364682,0.024226118,0.003776934,0.002909639,-0.023841779,0.02084644,0.079189867,0.045871983,-0.069033927,-0.074134203,0.027486253,-0.105375621,-0.261394397,-0.015579131,0.001237885,-0.00957799
La,-0.566314089,0.23336004,-0.058212106,0.040128464,-0.012933692,0.019972793,0.045715318,-0.072166194,0.155177268,-0.26198699,0.106948827,-0.306827763,0.216007208,-0.004454461,0.055196475,0.108778172,0.02454203,-0.054151268,0.069851285,-0.012345616,0.018984896,0.000953505,0.010215553,0.016726915,-0.003120139,0.012272545,0.01250683,-0.002958467,-0.01818617,0.027721615,0.019573074,0.011863853,-0.123509909,-0.042648368,0.105085285,-0.027741401,-0.000407197,0.008674533,0.018578898,0.011073626,0.019226753,-0.09343045,-0.040944044,0.03802083,-0.051714388,-0.05525555,0.028079988,-0.01539706,0.032928886,0.005637488,-0.012893666,0.011580522,-0.057149586,-0.058504847,-0.029745563,0.086908142,-0.024363534,0.081816538,-0.008682159,-0.105827253,-0.140458883,0.315142987,-0.097659331,-0.037991118,0.102834024,-0.220704639,0.125331136,0.151557362,0.158787555,-0.035271584,-0.003131287,-0.013068194,0.017523629,0.02283387,0.006736512,-0.012202353,-0.032750838,-0.010790989,0.011578727,-0.019263778
Ce,-0.570211271,0.236358294,0.000627161,0.019724959,0.040718158,0.006611592,0.063300241,-0.059275402,0.04270303,-0.254790359,0.120300319,-0.276878352,0.139422393,-0.057076861,-0.037951316,0.074870672,0.015030071,-0.020182675,0.019718889,-0.017555879,0.027283366,0.017390328,0.033533104,-0.006134283,-0.015547366,0.01541083,0.01324018,0.006013547,0.014212099,0.020756392,0.017618229,-0.034224694,-0.100378227,0.056562626,0.070764535,-0.066809322,-0.224783864,0.044477801,-0.033283493,-0.02006385,0.085550137,-0.123544166,-0.035312955,-0.000581069,-0.05685644,0.027421871,0.032148622,0.029718185,-0.052891016,0.055623422,0.03707868,0.042278098,0.159541128,-0.12403361,0.152176667,0.083401057,-0.195768212,0.241987306,-0.188589149,0.02397673,0.104372016,-0.225606174,0.054996433,-0.019551069,-0.039618713,0.135085463,0.004422285,0.068154305,-0.050503838,-0.026189543,-0.010935438,-0.01242523,-0.006731715,-0.008431129,-0.003462477,-0.014855698,0.031149133,0.002975806,0.033787396,0.015394787
Pr,-0.611242252,0.272392596,-0.042132859,0.043643923,-0.033902504,0.044488133,0.011463278,-0.069915759,0.15070439,-0.245648933,0.092738314,-0.304282914,0.205643422,0.015401747,0.034497638,0.140670581,0.010797562,-0.046985887,0.079344646,0.005467201,0.014822279,0.014821368,0.012557141,0.003830749,-0.016946828,0.016898557,0.025855199,0.009709659,-0.011298713,0.000295351,0.000599424,0.024454812,-0.069671963,-0.013842394,0.054599853,0.002084514,0.003880282,0.012767431,0.009598408,0.004543136,0.016376441,-0.097408754,-0.042320931,-0.010978795,-0.013818958,-0.054911729,0.011802881,-0.011413392,0.005311171,0.013442727,0.009766733,-0.052608225,-0.026778699,0.043988192,-0.036735256,-0.039151018,0.071193879,-0.102768156,0.059741984,0.021099505,0.010233362,-0.040120779,0.021329049,-0.00439836,-0.056367752,-0.074534094,-0.188789746,-0.293352765,-0.072104145,0.060123187,-0.00984749,-0.035540074,-0.030009852,-0.03369398,-0.034190173,0.258134549,-0.095592104,-0.036395813,-0.080184707,-0.006770739
Nd,-0.639948805,0.287216601,-0.057837503,0.041687819,-0.052628363,0.050272741,-0.008127335,-0.062398061,0.164440945,-0.217764031,0.09074677,-0.280040599,0.190765335,0.023195446,0.045624272,0.130207039,0.002582465,-0.053152833,0.06018067,0.003470337,0.012591446,0.00398079,0.011767854,-0.015929582,-0.012441319,0.008470576,0.028957028,0.012888228,-0.03162392,0.00570344,-0.0156434,-0.000319972,-0.022150193,-0.034662732,0.004966285,0.011737341,0.068180139,-0.027335002,-0.002234346,0.003822313,-0.0219247,-0.017552918,-0.009770005,0.002946492,0.017828414,-0.042045111,-0.012210641,-0.006797983,0.034980721,4.71E-05,-0.005077596,-0.037750854,-0.0572831,0.071750774,-0.070759396,-0.076931126,0.11933253,-0.140927716,0.08768414,0.025889263,0.019809098,-0.045250067,0.014283686,0.029054364,-0.021688612,0.072093135,-0.038430168,-0.069092749,-0.073419459,0.012531571,0.031169641,0.11621515,-0.004207594,-0.00325481,0.029705697,-0.350090743,0.163643101,0.074749508,0.024925402,0.013434436
Sm,-0.675850275,0.302285197,-0.052276269,0.044105883,-0.055010869,0.052429184,-0.045888068,-0.033869729,0.116194006,-0.11220514,0.042557835,-0.149765196,0.103546625,0.045913485,0.001508139,0.098680616,0.008551738,-0.024827849,0.022767104,-0.006396574,0.013295883,-0.002914475,0.009796271,-0.0332732,-0.02815289,0.00505027,-0.000326412,0.006144724,-0.011042874,-0.00696441,-0.027600941,-0.020465183,0.070636225,-0.001381596,-0.076065047,0.031071268,0.079921906,-0.025437816,0.006743118,0.008386525,-0.085233787,0.065969202,0.051904142,-0.034556036,0.061200955,0.032427474,-0.076143269,7.71E-05,-0.00177094,-0.032597235,0.004301525,-0.011041371,-0.066975419,0.123994288,-0.0441829,-0.093185222,0.076926884,-0.175884063,0.06552593,0.060803209,0.073025107,-0.113895811,0.032097088,0.053348214,0.032769873,0.204551575,0.200288396,0.306944365,0.005875198,-0.025876722,-0.007042972,-0.08163616,0.010363392,0.014188639,-0.002081158,0.158641596,-0.067294797,-0.042479002,0.013799033,-0.00329229
Eu,-0.455272906,0.103697212,-0.147728525,0.059703737,-0.028511841,-0.152607473,0.302767178,-0.059842497,0.208403463,-0.114320052,0.003043256,0.08037674,0.024514303,0.032154076,0.141502473,-0.090181543,-0.009579917,-0.020743339,-0.00783258,0.00291818,-0.000882381,-0.032813063,-0.074216091,0.041197136,0.079014916,-0.055163388,-0.138695006,-0.063797857,0.174472966,-0.051110273,0.135618323,0.001968479,0.159646221,-0.048036522,0.030737227,0.103990331,0.270695825,-0.003213954,-0.110429995,-0.035259998,-0.101293152,0.321737357,0.04831972,0.232047619,-0.092957376,-0.118819593,0.093700754,-0.000404509,0.12713866,0.155620797,0.120655239,-0.009736177,-0.083548867,-0.148937454,0.170475514,-0.003902697,-0.030175156,0.053600339,-0.041505899,0.005313878,0.009737137,-0.041630876,-0.005812521,-0.012737092,-0.024378887,-0.009859762,-0.007601331,-0.018070516,-0.018130249,-0.003878801,0.008331251,0.007421181,-0.010541219,-0.013716687,0.000387203,0.002359413,-0.031201728,0.00067868,-0.007705149,0.008226722
Gd,-0.629849606,0.26618764,-0.020764021,0.032958606,-0.043085485,0.054073555,-0.066342437,-0.016761404,0.049641441,-0.009797773,0.014177683,-0.040259527,0.024852108,0.041825023,-0.017578397,0.032628705,-0.01238874,0.00962078,-0.015216987,0.016557623,-0.024621082,-0.027404916,-0.024015538,0.024059375,-0.010310634,0.023547446,0.003131843,-0.01919242,-0.027608184,-0.046998669,-0.06309143,0.104849924,0.089741418,-0.04438059,-0.087922954,0.082256091,0.150116621,-0.026859978,0.053403098,-0.00540656,-0.167784067,0.254754855,0.079033775,-0.137658224,0.134249635,0.128006024,-0.105902775,0.028274001,-0.165885388,-0.180639055,-0.061291707,0.08396352,0.010699858,0.204051673,-0.105016079,0.025202211,-0.114199974,0.284482418,-0.164346857,0.085332277,-0.074169943,0.049624781,-0.001207638,-0.020431892,-0.012774808,-0.068604433,-0.027139784,-0.063897192,-0.055472049,0.022632223,0.000174696,0.009492518,-0.006957144,-0.009584341,-0.006603115,-0.001219786,0.023019087,0.00867771,-0.019926085,0.013476832
Tb,-0.694890956,0.31618691,-0.003207551,0.035863321,-0.048985314,0.080566813,-0.112412551,-0.008552862,0.00752742,0.047405863,-0.015991892,0.058735259,-0.048974946,0.074679513,-0.052502511,0.042767788,-0.03444382,0.039934199,-0.009600546,0.025808668,-0.041910022,0.0235337,0.017598986,-0.01982841,-0.041912747,0.026888879,0.02789349,0.027247944,-0.03885396,-0.014781444,-0.071185704,0.030511785,0.12279476,0.042961916,-0.16941104,0.002422394,-0.011877512,-0.007516912,0.03615617,0.055291998,-0.049924182,0.046417584,0.049478764,-0.059143105,0.042628706,0.055429794,-0.005048685,-0.016361862,-0.004880926,-0.052808243,-0.013612182,0.020028767,0.102555825,-0.129282041,0.122273187,0.00437237,-0.019202117,-0.097639889,0.032378177,-0.047076706,0.056956293,-0.075704757,0.007422064,0.019528491,-0.043807093,-0.028489781,-0.121055348,-0.098196825,0.356107015,-0.076305053,-0.061099354,-0.138840596,0.098675061,0.10059639,-0.008812418,-0.093315509,-0.065325459,0.002577171,0.02680258,-0.083378772
Dy,-0.709979625,0.31868001,-0.013895352,0.033855084,-0.074111969,0.093526549,-0.140917863,0.012560992,-0.024917473,0.131100014,-0.053036386,0.146599102,-0.097134744,0.077213134,-0.053540045,0.024707739,-0.032194506,0.043870336,-0.018640312,0.026866436,-0.031298912,0.034429366,0.016559337,-0.009374455,-0.04467358,0.022231738,0.024189248,0.01778616,-0.051206542,0.010854726,-0.050398151,-0.00311475,0.058476552,0.03950298,-0.100982353,-0.007699344,-0.030359721,-0.003212765,0.047108392,0.040799142,0.016716089,-0.019079287,0.010711142,-0.028279691,0.03239173,0.028094043,0.04326461,-0.046854662,0.013892245,-0.014555965,-0.003485993,0.012674642,0.009549231,-0.112658253,0.070572963,-0.003262831,0.005797613,-0.057500818,0.03681272,-0.037149919,0.050012355,-0.066981266,0.012633782,0.017179775,-0.018240597,-0.197571099,0.028525524,0.04220021,0.062084732,-0.013808565,0.089972252,0.180544313,-0.140534854,-0.159715885,0.031747334,0.079028543,0.069199391,-0.015119497,0.077814667,0.269969971
Ho,-0.724456484,0.31384317,-0.011932627,0.032915618,-0.075209462,0.088018124,-0.14002251,0.022550988,-0.042882125,0.158476512,-0.053499203,0.169992593,-0.112616486,0.072998929,-0.054346256,0.008762483,-0.027109919,0.043585591,-0.015504773,0.034337909,-0.036336699,0.022301894,0.02021357,-0.018640654,-0.028195937,0.025460811,0.019897919,0.021955364,-0.033432997,-0.01252926,-0.041273449,0.00677714,0.060552392,0.016567673,-0.050249182,-0.021492328,-0.041828171,0.002865281,0.025789361,0.021824894,0.036159221,-0.029278498,-0.017069294,-0.002509182,-0.019553789,-0.026768487,0.03002737,0.002681055,0.036354093,0.027040955,0.006152672,-0.025480848,-0.013711265,-0.069927297,0.012924066,0.008556564,0.005600188,0.000190884,0.013545613,0.008816927,0.010195813,-0.03602331,-0.014131697,-0.001802681,-0.004339107,-0.1513175,0.059817015,0.029529909,-0.184034498,0.002618525,0.025138534,0.088704824,-0.04322179,-0.042547113,0.00466386,0.033750592,0.057660223,-0.05044046,0.105974105,-0.366414337
Er,-0.712067209,0.303855309,-0.004107525,0.026868872,-0.06682686,0.093757611,-0.15034431,0.024885279,-0.064869777,0.166994531,-0.063834989,0.188473233,-0.123989711,0.063148661,-0.051752363,-0.003576859,-0.030869084,0.024018699,-0.02191585,0.038175589,-0.032814276,0.025963611,0.024686336,-0.02371101,-0.00722789,0.02078888,0.030242678,0.0266495,-0.053955907,0.000904384,-0.040696656,-0.006586595,0.012864099,0.011475369,-0.017582714,-0.03335928,-0.037550426,-0.004478476,0.018094575,0.003979048,0.065582734,-0.045743002,-0.045514471,0.015373013,-0.030815016,-0.03416727,0.042644021,-0.008702706,0.053585968,0.050475816,-0.000467342,-0.014104999,-0.0264886,-0.052600433,-0.010067046,0.005180368,0.008543052,0.021830322,-0.016104782,0.007048316,0.003191171,-0.03337898,-4.21E-05,-0.021093213,0.002670063,-0.073426224,0.08782845,0.054467106,-0.111577022,0.038749989,-0.025550566,-0.076600576,0.042427047,0.062058932,-0.022203543,-0.063052575,-0.02938836,0.125443319,-0.404105809,0.046250898
Tm,-0.683867214,0.28153909,-0.009873375,0.015620369,-0.071059808,0.075550478,-0.128303974,0.035044672,-0.089829439,0.190286428,-0.063763401,0.205568175,-0.129713013,0.057790552,-0.047905191,-0.020398948,0.00043675,0.034181321,0.000645406,0.017626263,-0.031357343,0.019609689,0.008955795,-0.000771212,-0.010217605,0.008721717,0.019543172,0.012290311,-0.001197,0.003836461,0.022211885,-0.014791623,-0.030564771,-0.028586652,0.112362582,-0.03600329,-0.030329148,0.006516853,-0.035028256,-0.025243957,0.059818678,-0.083436627,-0.058647938,0.074817994,-0.078821752,-0.081244425,0.015629534,0.01240814,0.019747627,0.074551224,0.054548622,-0.032849748,-0.150126082,0.117739402,-0.100427364,-0.020020174,0.017693957,0.053303086,-0.040966087,0.062276653,-0.026807329,-0.026337151,-0.006296544,-0.020000774,-0.005144967,-0.059977496,0.011902628,-0.052152171,-0.122094478,-0.009553632,-0.090228556,-0.193212943,0.127103198,0.100291124,-0.0128902,-0.0641797,-0.079780941,-0.060913451,0.241720239,0.147391273
Yb,-0.507310752,0.148446742,-0.115955547,0.048343257,-0.050253061,-0.09901504,0.188634334,-0.021049133,0.011708049,0.019583277,-0.050010505,0.137620134,-0.07927465,0.057291495,0.007802679,-0.024839067,0.071742582,0.011102365,-0.042776402,-0.071112372,0.167315525,-0.069700521,-0.06250748,0.00381152,0.163684062,-0.191219615,-0.173066937,-0.015628149,0.345093915,-0.122285652,0.125860157,-0.048595107,0.194673865,0.011469721,0.049759142,0.010902287,-0.041692375,0.020270322,-0.033256325,0.027026788,-0.06783143,-0.258479239,0.015086189,-0.08827838,-0.089493585,0.071764455,-0.161038693,0.118940599,-0.173956624,0.06776076,0.087270551,-0.075331277,0.197897105,0.17997607,0.04772875,0.012659799,-0.065525007,-0.083881374,0.069505839,-0.052627733,0.000476544,0.073648779,-0.018877996,0.024348929,0.030447397,-0.039629301,0.006999874,-0.007192394,0.000108616,0.007037452,-0.002610011,0.011063275,-0.006087716,-0.007409042,0.007203644,-0.011775876,0.030599338,0.015004844,-0.023448879,0.005546064
Lu,-0.643471532,0.246535993,0.007716215,0.014045739,-0.050899776,0.050494911,-0.130786091,0.041191625,-0.09391854,0.212095236,-0.071178383,0.204218004,-0.116923994,0.015661507,-0.019018757,-0.042101084,0.000648356,0.004460351,-0.005794963,-0.004857286,-0.001373513,-0.00443826,-0.011099838,0.014638336,0.02004439,-0.009424498,-0.007719842,-0.014975544,-0.004308096,0.053042666,0.064222239,-0.049732332,-0.141095073,-0.038274287,0.160178714,-0.007463842,0.021725573,-0.012467782,-0.061415887,-0.056089348,0.0603507,-0.067572662,-0.060725797,0.119997625,-0.064239442,-0.081176688,0.023216396,0.005882256,0.013282457,0.068956653,0.03839499,0.000579598,-0.127272746,0.170326557,-0.150559946,-0.006427893,0.015105614,0.112610859,-0.082894844,0.06551002,-0.0222026,0.017773004,0.035977073,0.008522901,0.001303405,0.220788302,-0.093349908,-0.011135274,0.284517438,-0.028312463,0.063390389,0.119258841,-0.08849506,-0.062967567,0.01173842,0.047409499,0.039766402,0.007388033,-0.052705312,-0.068788237
Hf,-0.324096456,-0.066765069,0.23600847,-0.147318366,0.241123402,-0.102950562,0.138608492,0.090343697,-0.545989297,-0.071107453,-0.030383724,0.084369024,0.108534423,-0.191642675,0.058664256,0.055581363,0.074528531,-0.267514241,0.172245658,0.032118616,-0.039313226,0.031518592,-0.018534489,-0.08640885,0.044845941,0.043112547,0.04606972,-0.030483145,0.020137524,-0.052892127,-0.026270293,0.06263611,0.072974663,-0.031052483,-0.060056105,-0.065772908,0.133381299,0.109130291,0.05784781,0.032792476,0.01945655,-0.017816803,-0.068175415,-0.025549215,-0.017163088,-0.023723075,0.009035399,-0.027318641,0.040174036,-0.012058183,0.00651305,0.009892757,0.009385922,0.019566681,0.021049193,0.005935322,0.016730215,-0.011134343,-0.009747486,-0.009764571,-0.008782323,0.028809635,-0.020422087,-0.036652471,0.02988947,0.027001766,-0.002576291,-0.007906852,-0.010649582,-0.089226935,-0.045474554,-0.23855852,-0.159987113,-0.228728103,-0.037271816,-0.037982875,0.056283084,0.052105496,0.009416149,-0.015675467
Ta,-0.193909771,-0.140912657,0.352404507,-0.216385776,0.314895082,-0.064120079,0.085834928,0.107900185,0.024575759,-0.019827685,-0.36305569,-0.058701101,0.009528447,0.143671063,0.235117249,0.271945102,-0.02539191,0.311626217,-0.13204568,0.038029176,-0.083410824,-0.0526696,0.037504861,-0.127050869,-0.003073364,-0.018580374,0.065071316,-0.008615408,0.040470023,0.018562552,0.074925744,0.057904736,-0.029033896,-0.025905546,0.087120732,0.004043791,0.008967601,0.047061577,0.083287875,-0.026087516,-0.032206072,0.026680129,-0.013439612,-0.022159669,0.039078664,0.049919776,0.020311954,0.016208935,-0.045468397,0.067283879,0.002098854,-0.025105668,-0.004306724,-0.023327142,-0.040487785,0.007988163,-0.003578816,-0.023184227,0.021575893,0.025824209,0.010732236,0.023716999,-0.0262648,-0.028632633,-0.024663202,-0.008969691,-0.148159159,0.074947932,-0.084249226,-0.343470551,0.030496306,0.042221667,0.018263217,0.051018069,0.055377305,0.012910666,-0.017627735,-0.014090563,-0.033648518,0.011713096
W,-0.111992451,-0.147547676,0.258718651,-0.027817026,0.27587414,-0.018549696,0.097066225,-0.090659314,0.147425841,0.212544988,0.168782985,-0.24079369,-0.321427507,0.31718865,-0.066891594,-0.143703769,0.056446634,-0.114661073,0.289025657,0.007428833,0.065419937,-0.094712568,0.049880854,-0.060003658,0.039348193,0.171240269,0.083748611,0.036872297,0.131240149,0.012123123,-0.033795587,0.002445839,0.061300699,-0.11686962,0.048043231,0.011938815,-0.044366045,-0.07978025,0.084740097,0.053693294,0.065550574,0.050904305,-0.009659077,0.000195991,-0.03473824,-0.033223186,-0.044767666,0.054749367,0.002089678,-0.006460345,-0.035188871,0.067129772,-0.056108984,0.044396098,0.005458011,-0.081434387,0.07246073,0.144834524,0.077668911,-0.209571544,0.256909005,0.055590372,-0.095926507,0.002615165,-0.13522892,0.012532483,-0.022539679,0.025598146,-0.00765506,-0.001151777,-0.005114062,-0.002849372,-0.001474956,0.000412503,-0.005005615,0.008682315,0.001493523,0.003084714,-0.002006034,0.000590244
Re,-0.126141655,-0.187632252,0.21379431,0.047221563,0.220361823,0.072564992,0.013667533,-0.012434648,0.193555381,0.104520562,0.172248999,-0.03465605,-0.218873965,0.100329957,-0.037811108,0.10843906,0.238750388,-0.11552217,0.130920953,-0.030481305,-0.177176269,0.089797036,-0.011717187,-0.102149113,-0.153797532,-0.404507643,0.037242478,-0.197180431,-0.187914579,-0.043993663,0.130841524,0.124442177,-0.06064493,0.239914142,-0.098762403,0.303830256,0.112742241,0.083742281,-0.207873198,0.002893666,0.109418101,-0.085401508,-0.012651895,-0.046856145,5.26E-05,0.013550629,0.047041547,0.034688665,-0.025533557,0.003320984,0.032065445,0.040058398,0.023511444,-0.002892305,-0.008474797,0.007940091,0.007826932,-0.009776809,-0.028773535,0.016307424,0.00709263,0.022980515,-0.039901847,-0.015460276,-0.02198669,0.001734872,0.011913389,0.005750234,-0.007077943,0.007296477,0.000504458,-0.000400604,0.010948137,0.002029509,0.008512281,0.001244048,-0.001861452,0.019363434,0.00713997,-0.001689436
Os,-0.113301024,-0.261152948,0.155486194,0.227321399,0.194768606,0.157686005,-0.067863212,-0.025842488,0.196134961,-0.088895592,0.192870293,0.144129443,-0.269371485,-0.180354233,0.063766274,0.327329109,0.215389444,-0.031364639,-0.081213516,-0.046904955,-0.050805707,0.151189808,-0.13133077,0.043952038,-0.089700399,-0.058364124,-0.135019071,0.017227648,0.038716718,-0.020396925,-0.073743683,0.06266773,-0.028992608,-0.161718449,-0.024417878,-0.306300175,0.025106871,-0.114834421,-0.115156684,-0.040364491,0.004068263,0.034052032,0.05038181,-0.019179115,-0.007464803,-0.02169982,-0.014328924,-0.090980774,-0.003054741,-0.02908533,-0.0140165,-0.037621038,-0.008027526,0.059776927,0.028484708,-0.058746819,0.020517231,0.098080167,0.094344788,-0.248476949,-0.127718468,-0.126647976,0.109053392,-0.016358942,0.103019831,0.00054779,-0.027900223,0.006097792,-0.01507247,-0.038795133,0.004234786,0.008892272,0.006381277,0.00338598,-0.008095589,0.004468336,-0.007729013,-0.007763269,-0.006426867,-0.004064494
Ir,-0.183244574,-0.380331985,0.069783498,0.30121157,0.113264443,0.218262223,-0.120521659,-0.046290277,0.037877863,-0.243726074,0.015631909,0.16665656,-0.174841254,-0.112360376,0.1665282,0.152027677,-0.044746974,0.048501572,0.080478741,-0.014606131,0.119558565,-0.031986939,0.03709761,0.201602521,0.125005363,0.140365575,0.064255636,0.070232636,-0.007281053,-0.023074947,-0.009287963,-0.115255693,0.014088274,0.144408032,0.016386959,0.178578297,-0.043440082,0.112470105,0.074923279,0.048433333,-0.044158168,0.01321754,-0.100766424,0.012233566,0.024260928,-0.048139047,0.023029878,0.118601693,-0.056170703,-0.12056533,0.21796909,0.172547309,-0.084187495,-0.061199103,-0.071171217,0.065897307,-0.085055826,0.052729016,0.255959914,0.061480494,0.028610141,-0.063060003,-0.060157017,-0.081313723,0.149596738,0.026467701,0.001866296,-0.02566105,0.005921855,0.01325056,-0.000850569,0.002305679,-0.002499743,0.000470266,-0.013728327,-0.00704698,0.001222326,-0.001157507,-0.004327106,0.000162682
Pt,-0.212333944,-0.430904206,-0.041875326,0.25581596,-0.008600046,0.184925466,-0.062754803,-0.089065204,-0.191364852,-0.221425383,-0.127414923,-0.016527162,-0.039214055,0.128959247,0.069678681,-0.14260681,-0.133514867,0.065671994,0.245633392,0.029788128,-0.016059014,-0.030767571,0.059293914,0.115305671,-0.031716765,-0.226235001,-0.077185891,0.010345517,-0.095078622,0.040469226,0.025001922,0.060115638,0.044905717,-0.079842581,-0.084975246,-0.106246166,-0.088157423,-0.111695265,0.043832016,-0.092486126,-0.125023774,0.011119839,-0.077081085,0.07834171,0.040980413,-0.107981803,-0.034859292,0.093772062,-0.150994171,0.094094722,0.048795423,0.215889193,0.001862798,-0.077049166,-0.123241624,0.099213434,0.041185557,-0.123404559,-0.122149415,-0.119617239,-0.080100946,0.028543261,0.152600037,0.065841631,-0.176734004,0.010684359,0.0364909,-0.000343058,-0.020454324,-0.019593619,-0.001321514,-0.015822795,0.002795897,-0.021025682,0.004030123,0.007120842,0.006106185,0.010214979,0.003079572,-0.002360352
Au,-0.215138126,-0.391232383,-0.163210729,0.144226937,-0.109475629,0.140309387,-0.108201555,-0.054465991,-0.108075059,-0.09252725,-0.194450182,-0.145968489,-0.039858914,0.149861833,0.153730939,-0.219462365,0.071073074,-0.05270413,-0.005050591,0.111182602,-0.160214047,0.167735209,-0.130867753,0.021583044,0.015007055,-0.146372833,-0.087571793,0.008392545,-0.036873177,-0.045355418,-0.028837181,-0.023142101,0.008037211,-0.115337848,0.161793434,-0.042897103,0.011571662,-0.028155089,0.166114482,0.10769782,0.111920136,0.012946049,0.288767613,-0.248479594,-0.201890136,0.038578247,0.230392714,0.007705395,0.097944261,-0.13676204,0.100631948,-0.015053087,-0.05728829,0.055358027,0.028233848,0.086369541,-0.075436346,-0.040794709,0.006176315,0.047805347,0.062372241,0.02280532,0.019698547,0.034688764,0.010979246,0.027656283,-0.023187486,0.011398256,-0.006076801,0.004987679,0.001196853,0.001634902,-0.016159189,0.015992435,-0.004664175,-0.006584127,-0.002068845,-0.004301278,-0.002550745,-0.000665156
Hg,-0.15209968,-0.315559693,-0.217347183,-0.004575687,-0.195365171,-0.068046411,0.096297166,-0.016418632,-0.041381152,0.110772514,-0.153471809,-0.23926499,-0.178492587,-0.045893265,-0.103519268,0.150068797,-0.038352267,-0.089539127,-0.047936464,0.264967804,-0.109506971,0.234980722,-0.012226689,0.085171634,0.152190095,0.189443777,0.039259999,-0.083325004,-0.204860002,-0.015991098,0.202724288,0.004960752,0.249118416,-0.099201555,0.217806702,-0.023668832,-0.014136897,-0.003397577,-0.185395388,-0.095765172,0.003205758,-0.062999009,0.000848076,0.012801649,0.068267356,0.136685429,-0.177092298,0.088419271,0.029057245,-0.090894271,0.102958035,-0.012091687,0.047698703,-0.125195724,-0.012957032,-0.019688143,0.175402511,0.022614138,-0.047542245,0.017546279,-0.032591797,-0.011949614,-0.024598409,-0.055588541,-0.009106829,-0.0042646,0.008873519,0.002978935,0.015730973,-0.004623974,-0.004395277,0.0043014,0.00025124,-0.007367442,-0.00232219,0.010773347,0.009952462,0.00362726,-0.001861419,0.001559095
Tl,-0.155992249,-0.224791474,-0.351760005,-0.235234993,0.08504872,-0.034734985,-0.18410333,0.012929766,0.049906057,0.080600271,0.007418028,-0.094709349,-0.102028068,-0.104903474,0.111977134,0.024770895,-0.120557326,-0.153411739,-0.080585358,0.163935198,0.041898232,0.162183248,-0.075429838,0.020273922,-0.053438676,0.120117659,0.077954952,-0.048958653,0.200956139,0.189790167,0.408055467,0.097849961,-0.042296788,0.032937237,-0.285410412,0.053339023,-0.124019865,-0.065070375,0.039694458,-0.09270384,-0.079911236,0.040156227,-0.145068427,-0.210140146,-0.144134302,-0.095598209,0.000139763,-0.125948798,-0.050614008,0.017813183,-0.039656686,-0.036206839,-0.124143057,0.008696417,-0.005208841,0.024793159,-0.079614111,-0.024364756,-0.010528135,-0.014851149,0.011493087,0.004409913,-0.00990444,0.034206112,0.013994746,0.01195532,-0.00965238,0.003359708,-0.00417954,0.005868068,-0.003984404,0.005338289,0.001387551,0.002357534,-0.001625514,-0.00757104,-0.003079362,0.000710599,-0.00247599,-0.0015053
Pb,-0.168882239,-0.261487514,-0.08577723,-0.062980871,-0.171425372,-0.252518912,0.149381222,0.075804596,-0.021263959,0.007711263,0.123084701,-0.00633369,-0.163912013,0.050478051,0.040857532,0.111989387,-0.356464834,-0.194112207,-0.170255529,0.116571707,0.029256274,0.027480156,0.169345982,0.136845798,-0.285369274,-0.150268559,0.272950006,0.145674808,0.11972034,-0.058420956,-0.155771986,-0.052089574,-0.014654874,0.011732856,0.145394559,-0.010429184,0.048119987,-0.021209056,-0.071968193,-0.097729761,-0.071674129,0.009941351,-0.069076928,-0.15583742,0.078000364,-0.036605282,0.137673951,0.063606405,0.128310828,0.113595882,0.006944388,0.152950046,0.12330568,0.116885987,0.088773832,-0.086362909,0.015764012,0.020621064,0.035436942,0.034819463,-0.013599033,0.045484388,0.042976589,0.017017884,0.012610098,-0.023603088,-0.010565175,0.019814369,0.009594949,-0.002229987,-0.005517046,-0.007673492,0.014934932,-0.012922476,0.009047911,0.008537886,0.009768867,0.001178101,0.004238956,-0.002819604
Bi,-0.265582127,-0.184174499,0.09546659,-0.210490449,-0.16031435,-0.106296329,-0.172495759,0.006884181,0.232470849,-0.053517464,-0.11956723,-0.040368153,-0.087721065,-0.183610756,0.104356407,-0.0395552,-0.208556209,-0.239541847,-0.053196952,-0.018110005,-0.242757867,-0.437049839,-0.155688796,0.021367872,0.125463904,0.021079937,-0.048041653,-0.075032055,-0.066884496,-0.010910054,0.003949303,-0.103247483,0.019819278,0.044801332,-0.102396056,-0.033718103,0.044015407,-0.046313476,-0.079036702,-0.011781713,0.055226731,0.004340667,0.00711112,-0.003862699,-0.04396119,-0.069862625,0.01048427,0.092268232,0.165812028,-0.017674714,-0.121964141,-0.078389223,0.199742357,0.01925964,-0.230751758,0.160531353,-0.022888215,0.027031816,0.065112726,-0.057711107,0.048578959,-0.059354486,0.019674523,-0.029671058,-0.029021321,-0.021762427,0.012914593,0.003860834,0.001283048,-0.028372234,0.000728549,-0.008440165,-0.000668635,0.013599914,0.009180815,0.014613264,-6.29E-05,-0.010031167,0.015493466,0.014730533
Th,-0.417906906,0.077544014,0.075699903,-0.059092326,0.144681916,-0.038249774,0.141406319,-0.017485383,-0.214598627,-0.219658571,0.095335584,-0.118721818,-0.09473617,-0.196345651,-0.135345432,-0.109063473,0.029238557,0.110879626,-0.081526236,-0.075311443,-0.016376554,0.085350038,0.072900932,-0.115040276,-0.049667399,-0.081535581,0.033843209,-0.039628523,0.009108362,0.10204682,0.065788623,-0.326302869,0.129678363,0.163482428,-0.047863423,-0.111373566,-0.201222743,0.014724022,-0.033917945,-0.115981238,0.313490097,0.355405925,0.049572622,0.008259652,0.02700188,0.085906715,-0.035648751,0.023576219,-0.018562952,0.065129573,0.052438218,-0.000770499,-0.00111733,0.085107709,-0.060693908,-0.000515017,0.007273901,-0.051725897,0.050980345,-0.013101873,-0.015109836,0.100335257,-0.001776733,0.009071012,0.017192904,-0.023849646,-0.02041757,-0.027774162,-0.000519946,0.016322079,0.002700577,0.010099529,0.002593881,0.005811353,0.01499783,0.00495499,-0.001777437,0.004826636,-0.002827606,0.000400471
U,-0.321220248,0.0026732,0.213723017,-0.089589842,0.252461423,-0.022460176,0.112222163,-0.051675036,-0.155152316,-0.108388169,0.057670713,-0.160264785,-0.288091422,-0.174399091,-0.164050195,-0.213108751,-0.00049526,0.140912649,-0.115814353,-0.050057239,-0.057525753,0.012792231,0.031727372,-0.112699091,-0.019642242,-0.016363241,0.053057433,0.005011681,-0.013920763,0.003153587,0.101437307,-0.127530777,-0.087099579,0.137000628,0.058080103,-0.068772592,-0.110569374,0.044592176,-0.120903817,0.191228037,-0.484024448,-0.082494109,0.201368334,0.041810261,-0.022584502,-0.118744127,0.003432446,-0.004606923,0.09815547,-0.094008826,-0.075607406,0.006962467,-0.054298172,-0.013699616,-0.001438593,-0.014401072,0.030856232,0.003895856,-0.007255545,0.020317421,-0.013049254,0.010973476,0.00218386,0.004539478,-0.011131736,-0.012161835,0.014492441,-0.025631444,-0.013499132,0.002004443,0.00735177,-0.002943425,-0.008659794,-0.010535949,-0.027982864,-0.002316044,0.008046701,-0.001151238,-0.013416398,0.000443016
Np,-0.266516346,-0.021231628,0.132058861,-0.057410297,0.198400136,-0.039337816,0.109220864,-0.023296751,-0.096490448,-0.163247041,0.120081379,-0.163912841,-0.224104336,-0.251734504,-0.183265175,-0.289608354,-0.044108788,0.203714504,-0.247578916,-0.036811735,0.017802532,0.023824262,-0.010424156,0.02419787,0.000276214,0.018845984,-0.04098043,0.016450578,-0.056166104,0.131702379,-0.029035281,-0.079569395,-0.01844672,-0.147025001,-0.0461914,0.186517282,0.352521444,-0.329391061,0.149217857,-0.073784684,0.106375828,-0.215614923,-0.129268174,-0.005333748,0.040581898,0.023908273,0.017250579,-0.020316692,-0.042773053,-0.028569282,0.041986619,0.007821889,0.022371614,-0.029426336,0.043325552,0.026359822,-0.011988326,-0.004135999,0.001393029,0.010644003,-0.006545905,-0.034825383,0.000883667,0.003479565,0.009729182,-0.009077868,-0.011320154,0.012297811,-0.015226403,-0.014402444,0.002237795,-0.010553899,-0.000863517,0.003802178,0.004653527,-0.003679044,-0.02215666,0.000254686,0.008818962,-0.005607196
Pu,-0.326061043,-0.001052619,0.109820573,-0.049441679,0.150612473,-0.035891353,0.083533595,-0.019771503,-0.049313826,-0.106471017,0.049206009,-0.16276422,-0.167606783,-0.180044141,-0.128653012,-0.280815814,-0.083427086,0.154480343,-0.193997407,0.013313148,-0.011898681,-0.102717595,-0.025279012,0.315161736,0.011268595,0.048969007,-0.060179044,-0.07474771,0.036255525,-0.146974573,-0.122689677,0.507862667,-0.035202591,-0.06140454,0.029921749,0.052390678,-0.122234731,0.314154521,-0.031830536,-0.037079144,0.104789241,0.071205788,-0.008405944,-0.039199267,-0.026886227,0.008435912,-0.004993728,-0.016663021,-0.015042301,0.063827033,-0.011025917,-0.045248067,-0.03283286,0.004577592,-0.045634997,-0.03875777,0.027584889,-0.055942024,0.029541406,-0.017916248,0.003838844,-0.011998675,0.01178268,0.011790736,0.00611649,0.005121187,0.014835249,0.022438285,0.025808803,0.023015854,0.001380549,0.009735754,-0.002256619,-0.000835711,0.006957893,-0.007375437,0.002183766,-0.003849965,-0.002497257,0.001390421
