,CRD1,CRD2,CRD3,CRD4,CRD5,CRD6,CRD7,CRD8,CRD9,CRD10,CRD11,CRD12,CRD13,CRD14,CRD15,CRD16,CRD17,CRD18,CRD19,CRD20,CRD21,CRD22,CRD23,CRD24,CRD25,CRD26,CRD27,CRD28,CRD29,CRD30,CRD31,CRD32,CRD33,CRD34,CRD35,CRD36,CRD37,CRD38,CRD39,CRD40,CRD41,CRD42,CRD43,CRD44,CRD45,CRD46,CRD47,CRD48,CRD49,CRD50,CRD51,CRD52,CRD53,CRD54,CRD55,CRD56,CRD57,CRD58,CRD59,CRD60,CRD61,CRD62,CRD63,CRD64,CRD65,CRD66,CRD67,CRD68,CRD69,CRD70,CRD71,CRD72,CRD73,CRD74,CRD75,CRD76,CRD77,CRD78,CRD79,CRD80
H,-0.059231356,-0.051292952,0.005909114,-0.133821729,-0.074106382,0.034547919,-0.112354093,-0.018084139,0.049117823,0.055431908,0.120156241,0.009898897,-0.123537825,0.003075644,0.078649823,-0.094192292,0.08613359,0.393784103,-0.221270976,-0.477979719,0.529655987,0.171880943,-0.169392121,0.124291119,-0.228620763,0.102920627,-0.113848362,-0.018357719,-0.050088559,0.008300939,-0.086669662,-0.012191695,2.01E-05,-0.0466332,0.003544424,0.030218838,0.064073917,0.075268856,0.03388517,-0.031478716,0.002644088,0.044658942,-0.000394606,0.027409321,-0.014934068,0.056237357,0.026856413,-0.013631676,0.038248345,-0.024842102,0.001318546,0.015147166,-0.00538092,0.001532272,-0.005088827,0.000852719,-0.013891173,-0.009373802,0.000931681,-0.011100509,-0.009281523,0.010009696,-0.008623137,-0.008736121,-0.002956173,-0.002611231,0.000853745,-0.000912033,-0.001502999,-0.002104642,0.004092319,-0.003622753,0.007575548,0.00067497,0.010121606,-1.51E-06,0.004685913,-0.000354142,0.00096896,0.00060636
Li,-0.33003886,-0.25885448,0.07876337,-0.031263478,0.122236277,-0.143541283,-0.190864276,0.124661625,-0.10497618,0.111099183,0.232204646,0.181898476,-0.111486392,0.066492126,0.02316314,-0.187837092,0.021333026,0.024946103,0.058885969,-0.245201632,-0.157285203,0.061370646,0.01591687,0.048894016,-0.071370865,-0.360872472,0.085635677,-0.026362746,-0.018978014,-0.066981562,-0.029331745,0.047224248,0.092745786,0.163630175,0.056293634,-0.065441258,-0.074576077,-0.14130466,0.025990359,-0.094671757,0.011166707,-0.056579738,0.172967718,-0.058501135,0.046169504,-0.116584626,-0.132789357,0.155062883,-0.101743727,-0.080221291,0.130921512,-0.164909328,-0.003822742,-0.066743377,-0.077363907,0.046388091,0.16473152,0.145344435,0.038688781,-0.065816698,0.074217084,-0.062680877,-0.054429391,0.02129198,-0.006949718,0.02479084,0.026727893,0.004555155,0.038308874,0.018965178,-0.020205837,0.023294075,-0.041701589,-0.017126622,-9.62E-05,-0.013654966,-0.001071296,0.009662087,0.001274946,-0.001272935
Be,-0.129931316,-0.224965175,0.059263056,-0.04436677,0.016511241,-0.19212116,0.01486828,-0.008750271,0.044278978,0.089039692,0.412423865,-0.071174079,-0.077259223,0.12542766,0.228248594,-0.064896252,-0.15448463,0.006164208,-0.191292559,-0.020847896,0.149362309,-0.090163278,0.042860748,-0.233628644,0.162151686,-0.075882215,0.30489762,0.335965096,0.230749876,0.125669207,0.182402973,-0.237655917,-0.045000555,-0.088707302,-0.002531063,-0.097661043,0.014890168,-0.085163502,0.038190439,0.146928912,-0.076532809,0.031634364,-0.027633404,-0.016824495,-0.07955423,0.028450657,0.077470101,0.020160515,-0.024809755,0.049578329,0.006919231,0.023719227,-0.015868386,0.015896739,-0.033780633,0.008334742,0.013675128,-0.046226742,-0.012954193,-0.014525641,-0.016071651,-0.00608217,0.027799486,-0.009485315,-0.021254541,0.015879581,-0.007670453,0.011367417,-0.000389625,0.006472028,0.012262883,0.010603768,0.001039413,0.003625564,-0.002674673,0.006051263,-0.00659997,0.003777308,-0.006244498,-0.001642521
B,-0.047872035,-0.11193169,0.048203841,-0.074952882,-0.014555081,-0.0783406,0.203524193,-0.070535999,0.078809966,0.118039011,0.175151056,0.112755952,-0.04864929,0.063832768,0.258267144,0.136057615,-0.00458312,-0.463405585,0.054542481,-0.214658151,0.201206851,-0.161099157,-0.126567148,0.381987685,0.428134702,-0.009002578,-0.168231755,-0.091860883,-0.012484798,-0.174017009,0.054678158,0.060363515,-0.100824261,-0.000686384,0.046988861,-0.001415504,-0.008678285,0.038344828,0.010905298,-0.005392408,0.010040132,-0.018142298,-0.028807527,0.003306956,0.025098676,-0.01707162,0.018603698,0.005193276,-0.000677846,0.01394694,0.013094577,-0.010104765,-0.024978976,0.011681447,-0.015541031,-0.010360298,0.015850796,-0.009531618,-0.00375988,0.027866246,-0.016286533,0.00447453,-0.005672924,0.001727563,-0.00179538,-0.003427744,-0.001134143,-0.001021754,0.000336188,0.004482171,-0.012774498,0.00325556,0.005438703,0.000320597,0.000242652,-0.001370312,0.000430558,-0.002273101,-0.00020827,-0.002168443
C,-0.040174625,-0.111527896,0.090044986,-0.094199669,-0.041995108,0.010001886,0.209253,0.035246504,0.063068068,0.107306216,0.107763713,0.111755998,-0.163951953,0.123822075,0.156403181,0.572806785,-0.091595341,-0.23277516,-0.089113658,-0.201328927,-0.190804713,0.029639946,-0.099529181,-0.181117203,-0.181337057,0.080589895,-0.026670951,-0.078696887,-0.081012531,0.333722032,-0.2289769,-0.084305495,0.209985126,0.044761757,-0.078543788,0.042903928,0.009115605,-0.037154135,-0.005951599,0.004154007,-0.02320359,0.014338458,0.069640713,0.063023922,0.007719669,0.010570145,0.00835706,-0.030280581,0.025793894,-0.00017585,0.005150592,0.022036711,0.00244311,0.011720267,0.023298289,-0.001480608,-0.018456062,0.014634448,0.022528335,-0.019873173,0.022701038,-0.037523671,-0.022056631,0.027384268,0.002768084,-0.000350065,0.001098722,0.000690258,-0.001044214,0.000478017,-0.000323646,0.002309026,-0.004318893,-0.000423454,0.000446003,-0.000725998,-0.005407987,0.000701059,0.000333209,-0.002052772
N,-0.042817614,-0.102014889,0.118923222,-0.185038742,-0.149053164,-0.019907891,0.233443467,0.099226777,0.030671555,0.059354745,0.096988698,0.178187211,-0.119077911,0.082242849,0.143909907,0.492416774,0.04335553,0.267844645,-0.03171219,0.097248557,-0.154273374,0.266676893,0.068779936,-0.002211597,-0.150749327,0.017574814,0.024735052,0.005080117,0.096065775,-0.338700344,0.218991646,0.119300505,-0.176952869,-0.075357619,0.092304725,-0.066235098,-0.001946633,0.032186791,0.006477377,-0.030484007,0.040191867,-0.061171054,-0.127107225,-0.211518963,0.011643538,-0.055627679,0.02668335,0.04264812,-0.023609112,-0.013814369,0.00742172,0.021718953,-0.008578277,-0.031142842,-0.014250548,-0.014900183,0.011957435,-0.027032749,-0.005033898,0.016718836,-0.01353373,0.020376483,0.00392437,-0.009370896,-0.000834682,-0.004196342,-0.002611539,-0.002775537,0.003130413,0.008822053,-0.019742893,-1.59E-05,0.001389695,0.000673145,-0.000179513,0.000471296,-0.008100467,-0.001048276,-0.000871914,0.00111593
O,-0.01887608,-0.064351322,0.167656068,-0.269917009,-0.321674652,0.045434216,0.054142512,0.242827501,-0.087952911,-0.089499569,0.057109895,-0.061394014,0.012352442,-0.029903379,0.087688681,0.160236791,0.155405101,0.291611653,0.055250692,0.149534854,-0.037346774,0.274502896,0.200208102,0.213950578,0.343945595,-0.086909283,0.024834326,-0.003949297,0.023813256,0.067118819,-0.057356272,-0.04630708,-0.001683063,0.028761135,-0.044066072,0.015968054,0.009251289,-0.026497831,-0.009535685,0.021549611,-0.057731645,0.116236775,0.24522207,0.356104968,-0.045052327,0.091445274,-0.057021317,-0.061455473,0.028187599,0.023086421,0.007721931,-0.009703044,0.019366739,0.017592875,0.005155502,0.017961736,0.002076044,0.000316975,0.003151822,-0.007902559,0.010889021,-0.020283616,0.024056226,0.036453136,0.005495242,0.002445052,-0.003193135,-0.001253679,-0.001622504,0.003756797,-0.00499951,-0.000374234,-0.011189239,0.001768202,0.060612012,0.000452229,0.03483606,0.001942404,0.000282869,0.000929298
F,-0.019196771,-0.059897939,0.185710359,-0.337885986,-0.430698394,0.127865168,-0.30053479,-0.187124233,0.054216274,0.011421618,0.000585058,-0.012923726,0.004390837,-0.022552969,0.002681323,0.002096936,0.054454909,0.070865497,0.059076911,0.056633129,-0.043152778,0.057339693,0.081437614,0.112279396,0.1863433,-0.048610645,-0.0205422,-0.003964908,0.007921841,0.188204905,-0.124359109,-0.081604672,0.038183378,0.095939269,-0.148511895,0.023084945,0.338300252,-0.10299359,0.110045106,-0.051612636,0.042207362,-0.084686836,-0.18991505,-0.240313104,0.014958208,-0.061393227,0.039192618,0.033663263,-0.023611684,0.001375928,0.000427247,0.002983299,-0.01229385,-0.010205611,0.017765129,-0.002251266,0.006543719,0.028493921,0.007835068,0.016146837,-0.029924739,0.056644617,-0.161150718,-0.215436488,-0.033575331,0.005608234,0.012752393,0.004894222,0.00097921,-0.004115265,-0.003820343,-0.002167207,0.002464241,0.004994836,0.000466322,0.000353319,-0.139531175,-0.003401235,-0.000164593,-0.00168095
Na,-0.44127511,-0.146729231,-0.264887284,-0.264991553,0.116360657,-0.048098157,-0.047994419,0.068904191,0.021717427,0.110122159,0.055721691,0.041328352,-0.036402454,-0.075226403,-0.048694991,-0.030338274,-0.0490904,-0.029977598,0.057467689,-0.07578508,-0.103430819,-0.017362561,0.058769065,0.04113431,-0.004324758,-0.301135257,0.101370159,0.038721569,-0.127846798,0.05503945,0.053925951,0.262786897,0.1279291,-0.088067015,0.009859278,0.079820786,0.145462462,0.286406148,-0.03321288,0.047249206,-0.039824618,0.135013662,0.038676239,-0.119781393,-0.165046821,0.073796009,-0.017815197,-0.044858084,0.15533354,0.105413119,0.070730702,0.158537775,-0.064769567,-0.008611898,-0.036488784,-0.134816598,-0.071649079,-0.083805812,-0.136753255,-0.070728741,0.040232498,0.006341091,0.003965195,-0.023104196,0.010888825,0.06273078,0.009330286,0.003008156,0.024584833,0.005600867,0.000735582,-0.156381136,0.051368798,0.028856456,0.013193721,0.019211828,0.00820626,-0.013930246,-0.018512594,0.03979197
Mg,-0.343304249,-0.209064347,0.103020982,0.043452619,0.06194548,-0.287408076,-0.227253043,0.104793638,-0.161358571,0.163197652,0.154316886,0.011802882,-0.248262167,0.083372747,-0.056569569,-0.12964701,0.1440872,0.078388423,0.205364496,-0.199063894,-0.222248035,-0.006955219,-0.034930157,0.008467014,0.016791398,0.018842413,-0.002897973,-0.050295106,-0.024786442,0.009296855,0.045626729,0.04439594,0.0258802,-0.045796376,0.017465696,-0.049032003,-0.052038107,-0.154391735,-0.04057394,-0.012146715,-0.066628091,-0.105629927,-0.1159416,0.10306707,0.122007867,0.012712633,-0.039216309,-0.004068614,-0.031967838,0.082159534,-0.045385508,0.171089733,0.042848698,0.175846149,0.267001107,-0.026514056,-0.200675056,-0.088099465,-0.027073169,0.158735885,-0.075465163,0.118427808,0.077821808,-0.02076283,-0.037880554,-0.073222037,-0.028784322,-0.003269698,-0.016099975,-0.034541748,-0.014737002,0.015870929,0.011905551,0.006132508,4.34E-05,0.010750524,0.001507065,-0.007635351,-0.015964342,-0.003151172
Al,-0.19459433,-0.290923909,0.101326834,0.070946926,0.047947072,-0.172806267,-0.016528386,-0.102992789,0.029277998,-0.072870314,0.190549473,-0.349894093,-0.008500176,0.050780772,0.062978831,0.084728657,-0.092877921,0.186435519,-0.118601386,0.132335295,-0.086879037,-0.280305741,0.014346731,0.012219476,-0.051271072,-0.195350285,-0.278704059,0.052306645,-0.157239085,-0.091638023,-0.244835654,0.08400709,-0.105681596,-0.243910336,-0.070955076,0.009021486,-0.014363733,-0.09311423,0.158977346,0.235350029,0.140431536,0.11636645,0.011995203,0.005065947,0.198326754,-0.056662006,-0.062280248,-0.002699086,0.059277534,-0.01364446,0.012579873,0.010939565,0.035419836,-0.012238792,-0.027795599,-0.009868306,0.054653537,0.010595467,-0.025793823,0.028593794,-0.016109825,0.01228833,-0.016238606,0.013230628,-0.012534178,0.005933434,-0.010720821,0.00310327,-0.004941666,-0.019594826,-0.003925321,0.002614649,-0.003063568,0.001842006,0.001066511,-0.006844865,0.001873319,0.002339902,0.001376651,0.003220651
Si,-0.10031773,-0.241094636,0.173012261,-0.011276368,0.04667063,-0.187744759,0.277398137,-0.317484807,0.181116838,-0.070229933,0.176986399,-0.221771714,0.088635238,-0.147537453,0.173182585,-0.156668206,0.198681281,-0.166993992,0.163297545,0.016556025,0.047394032,0.234963779,0.115492196,-0.085383528,-0.094599717,0.036156791,-0.013536229,-0.055014535,0.007322721,0.096466615,0.000984715,0.128357151,-0.012988541,-0.041059407,-0.018198168,-0.069053169,0.049674245,-0.004247391,-0.050656288,-0.011197044,-0.043960702,-0.012872498,0.067420669,0.01594777,0.032852888,0.051569834,-0.011872769,0.148585756,-0.075038143,-0.181893182,-0.081198822,0.177946113,0.157663667,-0.320700441,-0.014458284,-0.032883211,-0.054767287,-0.052471571,0.018382207,0.031423621,0.001706055,-0.004536393,0.001962364,-0.002610034,0.007767936,-0.022034628,-0.01020524,0.006205015,0.005731103,0.055205464,-0.101470652,-0.007450532,-0.005851189,0.001619953,-0.015278678,-0.000576793,0.002647487,0.001361558,0.000590627,0.004082551
P,-0.073449124,-0.18303343,0.172437935,-0.14038115,-0.072267262,-0.203411398,0.505445387,-0.196569699,0.143534666,0.119423984,0.038343602,0.379760802,-0.060929509,0.051861702,0.018780989,-0.134088041,0.114700687,0.142649779,0.123323515,0.197949141,0.090962937,-0.192293706,0.018370516,-0.015688771,-0.057025622,0.007256336,0.025508793,-0.014638617,-0.071819143,0.028859293,-0.029328128,0.045365608,0.043779868,0.039353971,-0.014022086,0.05347445,0.028357743,-0.013746194,0.016700963,0.0020638,-0.03670716,-0.015421868,-0.009817002,0.032919834,-0.005001453,0.050700539,0.009396508,0.072676339,-0.000974134,-0.054296002,-0.038529425,-0.044100701,0.039939504,0.028608663,-0.000255571,-0.007369709,-0.054296085,0.091057248,-0.069099896,-0.038528422,0.026287353,-0.004296682,0.015036655,-0.002733146,-0.011324706,0.006226692,0.058374106,-0.006115582,-0.019448811,-0.193424916,0.355021289,0.028785221,0.035673769,0.001683671,0.05788412,1.31E-05,0.004727775,-0.003283328,-0.000304726,-0.010108016
S,-0.037646968,-0.105165373,0.205912746,-0.297500625,-0.337857086,0.001220845,0.267991331,0.517426719,-0.194125758,-0.167114519,0.04342131,-0.157240483,0.064494659,-0.057235508,0.013567959,-0.084771892,0.071484647,0.006120432,0.022740673,0.00373677,0.074929553,-0.031840774,-0.031040592,0.007869838,0.041165462,-0.011177364,0.001032598,-0.010503485,-0.061861668,0.096468396,-0.04688054,-0.022997061,0.090519336,-0.009106579,0.062273189,0.008752022,-0.224587732,0.072349702,-0.071631613,0.044687321,0.013319955,-0.026859662,-0.06114054,-0.142766696,0.042289148,-0.035868676,0.030193208,0.022765922,-0.006444831,-0.022029759,-0.007905288,0.00035088,-0.012964098,-0.01561452,-0.007706188,-0.021720399,-0.022848881,0.009632745,-0.008470618,-0.009619335,0.003786297,-0.002461714,0.019936748,0.025286588,0.005950336,-0.009912543,-0.001120746,0.004803226,0.004613338,-0.025002532,0.051383815,-0.005871089,0.052402832,-0.014703697,-0.377074512,-0.004946164,-0.090135017,-0.005029679,0.002306516,-0.005851762
Cl,-0.042878814,-0.102066376,0.230482386,-0.425567978,-0.511527573,0.135748284,-0.342272904,-0.24372322,0.07376319,0.040254008,-0.012801474,0.011506215,0.008788513,-0.005237791,-0.018936233,-0.025677987,-0.013880749,-0.048377339,0.01967972,0.007495801,-0.030677687,-0.037660649,-0.003995444,-0.005700176,0.001144766,-0.004428417,-0.005863006,0.005873411,0.005617291,0.02358138,-0.01682966,-0.011759719,0.003035076,0.012093059,-0.027236107,-0.003303824,0.069918397,-0.019614753,0.018271418,-0.021454661,0.022988159,-0.031834204,-0.080837103,-0.101967158,0.015942107,-0.030245842,0.004782753,0.010515153,-0.009925385,0.002280469,0.002835171,0.005123358,0.008740137,0.007210833,-0.008991971,0.002158234,0.001765657,-0.013648897,-0.004636362,-0.017062941,0.037325052,-0.061556225,0.201604041,0.267575037,0.050105705,-0.007193694,-0.025467891,-0.004943067,0.004560868,0.000443821,0.010421112,0.010010885,0.00456684,-0.018434667,-0.069165995,-0.002175812,0.358019351,0.009339454,0.000913736,-0.000985748
K,-0.411220762,-0.119210464,-0.406023043,-0.407214666,0.18091418,0.029574011,-0.008550055,0.10727326,0.215925124,0.098835753,0.053223592,-0.037759237,0.232174939,0.132533065,-0.088190404,-0.014203217,0.02061555,0.004081753,0.034909696,-0.014659672,-0.062499294,0.006854799,0.018141714,-0.00923797,0.018415058,0.005243268,0.000156673,-0.015473415,-0.032446108,-0.02391099,-0.034605915,0.029968636,0.040358992,-0.050947718,0.060096966,0.02192106,0.062811184,0.076402849,0.022301081,0.021133824,-0.020611223,0.033701577,0.030613646,-0.048958291,-0.034672279,0.103107741,0.066149371,-0.016608813,0.022848525,0.00259628,0.062812232,-0.019911796,-0.008083699,-0.015004772,-0.021044755,0.013765564,-0.065074677,-0.030629151,0.012010746,-0.019415776,-0.048873423,0.007142147,0.00461309,0.000749099,-0.064116989,-0.104006208,-0.022999569,-0.024150786,-0.036355154,-0.012253915,-0.022018979,0.40770154,-0.157434909,-0.022563094,-0.021911617,-0.03014719,-0.007169819,0.020914583,0.030679422,-0.153132849
Ca,-0.473410381,-0.020855594,-0.184392943,-0.208186896,0.113757744,-0.006335247,-0.023296883,-0.000524932,-0.168889214,0.103311481,0.145345238,0.039309155,-0.327947461,-0.321120589,-0.054864024,-0.007675325,0.01591697,-0.063050202,-0.009556446,0.068999558,-0.033155198,0.031298131,0.01002072,-0.019638878,0.017079801,-0.003997683,-0.02462224,0.07592253,-0.10303197,-0.00601996,-0.005428436,0.019225719,0.009546832,-0.076521729,0.059532159,0.091509224,0.074556161,0.032036569,-0.125812457,0.056211757,-0.026117994,0.023233508,-0.161262708,0.029895334,-0.025311081,0.060000094,-0.029116293,-0.151559529,-0.004619234,-0.088629472,-0.156628372,-0.199885334,0.005510452,-0.079880107,-0.100463533,0.323354013,-0.036619965,-0.024614885,0.173529024,0.06981926,-0.042611655,0.023795095,-0.011537487,0.0273746,-0.03724297,-0.009547797,0.001241807,0.058016886,-0.047276114,-0.013436763,0.025798288,-0.103352104,-0.162609198,-0.008886795,-0.01989167,0.016805839,0.002121629,0.002480721,0.022815735,-0.004652326
Sc,-0.432354236,-0.006885625,0.049986603,0.205287748,-0.132132629,-0.165277425,-0.113634201,0.13705711,0.196801018,-0.068624024,0.065816464,-0.002556016,-0.169313228,0.122158837,-0.120959172,-0.042644397,0.028836232,-0.045423467,0.010445993,0.103622763,0.007629858,0.047437713,-0.146201736,0.029182778,0.000984731,-0.02516126,0.031811144,-0.112438728,0.354864053,-0.147048751,-0.237273327,0.134828942,0.145164222,-0.024816597,-0.13318302,0.009309824,-0.071317956,-0.05529931,0.001389468,-0.017221746,0.004329528,0.011734468,-0.053696422,-0.038082256,0.02977649,0.277526615,0.152119533,-0.238303836,-0.221477576,0.039488647,-0.056275041,-0.023624076,-0.043288203,-0.099343486,-0.059079248,-0.050808115,0.039046956,-0.025898494,-0.089627708,-0.044077534,0.056746528,-0.040044879,-0.006568787,-0.006797539,-0.053846608,0.03714107,-0.042849907,-0.012128313,0.013142537,0.02424939,0.024747912,-0.028055605,0.008433799,0.029466725,0.003477922,-0.008019198,0.000731302,0.017036352,0.015484627,0.00287523
Ti,-0.335196565,-0.267446701,-0.212337691,0.228314271,-0.22009381,-0.09230173,-0.039893088,-0.015592328,0.072778359,-0.226046374,0.139125507,0.028299457,-0.020652918,-0.000350463,-0.168405951,0.084478248,0.024652324,0.013521567,-0.012953206,-0.031306498,0.056479259,-0.118876663,0.188584816,-0.019472641,0.026028811,0.015780183,-0.01874366,-0.091868456,-0.015553907,0.057520843,0.129913929,0.024501923,0.141762225,-0.098478516,0.134775472,-0.01313667,0.014057466,-0.011123633,0.036587906,-0.332566913,0.068984876,0.233237632,0.024191558,0.050918803,0.124026898,-0.160733763,0.242471337,0.096246939,-0.059343619,0.199861436,-0.119236927,0.117189837,0.038944888,0.031706238,-0.120623704,0.100129331,0.054744627,-0.000305124,0.109496915,-0.069316659,0.0291787,0.076389114,-0.019666027,0.006295371,0.012700254,-0.045630053,-0.019531879,-0.012051476,-0.005811488,0.002820145,0.03412514,-0.006352726,-0.001541399,0.002283439,-0.000146295,0.000298189,0.002084421,-0.012919683,-0.006413092,0.004713172
V,-0.293895266,-0.341062156,-0.285366635,0.277505175,-0.290835873,0.018468088,0.044229644,-0.066401146,-0.106478113,-0.010899534,0.065904128,0.035518547,0.130658483,-0.115377999,-0.044795787,0.074760862,0.047845488,0.048258627,-0.017429627,-0.09810547,0.017678014,-0.113170561,0.10920411,-0.041014473,-0.01262141,-0.016017168,-0.014594608,-0.094148122,0.119893241,-0.011884665,0.017316958,-0.049318132,0.046377893,-0.002663181,0.024347644,-0.01723844,0.060492859,-0.061796346,-0.173431999,-0.020323326,0.030104762,0.095204959,-0.02568872,0.004478594,-0.003465965,-0.01589566,0.058364675,0.044300009,0.170809008,0.075078603,0.055228173,-0.340332228,-0.012297231,-0.207288125,0.160881933,-0.203109937,-0.051818232,-0.029439191,-0.057176493,0.25569747,-0.055160874,-0.147769083,0.039731998,-0.019561052,-0.011409156,0.047886133,-0.020012398,0.025574607,-0.015613974,-0.019083512,-0.001270874,-0.003550535,0.007980146,-0.004987384,0.002079753,0.002642787,-0.002459658,0.001908815,-0.003476304,-0.001057315
Cr,-0.29350175,-0.297366569,-0.23569813,0.221929354,-0.23831919,0.080019174,0.045019615,-0.033175408,-0.120618742,0.087722638,-0.001063275,-0.006301471,0.022194839,-0.071759608,-0.049576337,0.020822071,-0.188526572,0.053194356,0.084811542,-0.009967942,0.087075667,0.068848971,-0.082715668,-0.057037039,0.026093213,-0.035833116,-0.037246966,-0.221193261,0.11372997,0.010098705,0.094640093,0.057448328,-0.113522819,0.203665623,0.012763356,0.287568646,0.001928729,-0.294464487,-0.236075844,0.276314025,0.017440328,0.126917945,-0.010505659,-0.065174549,-0.00133009,0.03653674,0.026286675,0.088540987,0.086799908,-0.074220141,0.047708446,0.16311101,0.014697315,0.087985112,-0.072448109,0.040442499,-0.026909929,0.015432635,0.042455218,-0.147164173,0.019057599,0.000591144,-0.02454801,-0.001337746,-0.003024086,-0.054590895,-0.071614514,0.008964977,0.009219918,0.002127057,-0.00089152,0.016114042,0.005121449,0.010615851,0.001559494,-0.013673847,0.002131708,0.004106222,0.009950018,0.003770757
Mn,-0.3222752,-0.343775957,-0.093616869,0.185997679,-0.128784741,-0.048651836,-0.013380241,0.007035076,-0.003164411,0.029280553,0.149306681,-0.068396262,-0.058012038,0.075578068,-0.06858689,0.008183325,-0.332934245,0.039202399,0.087361644,0.105915253,0.112346603,0.058020718,0.037226631,-0.076368306,0.082968773,0.025783914,0.060297882,-0.241908594,0.119190257,0.162008858,0.065214648,-0.059310242,-0.045569838,-0.161412662,0.096112953,0.168246467,0.000715831,0.248968472,0.113513334,-0.180951938,0.20914692,-0.172343823,-0.064892111,0.063883584,0.062883558,0.080773366,-0.304205536,0.005641793,-0.011875531,-0.159996216,0.053580548,-0.033451264,-0.028424584,0.039109237,0.043665409,-0.02373482,0.015534966,0.017589693,-0.027376997,0.011351182,0.030356509,0.019981878,-0.009675087,0.017494913,-0.000952526,-0.008030203,0.051910556,-0.033086667,-0.028245586,0.029329881,0.002535331,0.006056019,-0.00161163,-0.001510986,0.002967384,0.003744169,-0.00228308,-0.002832486,-0.001131723,-0.000644412
Fe,-0.239477991,-0.315731751,-0.061470916,0.162085081,-0.09740507,0.133194305,0.093200104,-0.043854954,0.00414618,0.061101112,0.038295003,-0.145953115,-0.057995552,0.008946962,-0.045912433,0.053120287,-0.39394838,0.110365399,0.271960359,0.035728253,0.155514663,-0.005235398,0.101557414,-0.064772914,0.006002298,-0.113866321,-0.173179888,-0.108335306,-0.211150064,-0.138419392,-0.091864738,-0.168697882,0.009233794,0.005774905,-0.098013503,-0.361672521,-0.008129155,0.006076442,-0.130284008,-0.065344505,-0.22006507,-0.127147637,0.044747796,-0.058336271,-0.214159943,0.007299335,0.062091868,-0.055074087,-0.080561232,0.018427718,-0.048333219,0.005446116,-0.009126305,0.037738917,0.019724063,0.008975391,-0.044860569,-0.022512318,0.027477616,-0.051677147,0.022050979,-0.009911907,-0.013258753,0.008182687,0.012391827,-0.003311142,0.019372597,-0.002477018,0.003251309,0.011319827,0.000237938,-0.003053103,0.008343216,-0.000368136,0.002117856,-0.00435582,-0.000337108,-0.003156665,0.000811209,-0.006784451
Co,-0.186012463,-0.315235395,0.154646975,0.062903549,0.117857418,0.298530162,0.066276088,0.017235826,0.10544533,0.008866602,0.0173661,-0.100515633,-0.095917045,-0.025828004,-0.08635413,0.067669354,-0.225804886,0.013911805,0.360624323,-0.095682044,0.060244557,0.026659814,0.070606567,0.059344403,-0.042834605,0.104490919,0.085767483,0.361367062,0.027786327,-0.074426421,-0.017066535,-0.006184517,0.000300387,0.318288933,-0.030315415,0.084700396,-0.045139784,0.133299992,0.10163715,-0.034533382,-0.083819399,0.141281814,-0.011474567,-0.023033367,0.355703021,0.020875675,0.008620698,-0.08253488,0.105200612,-0.01553202,-0.020596134,-0.025020749,0.062228027,-0.037522582,0.003331725,-0.016635518,-0.006915683,0.027568688,-0.053274928,0.021625554,-0.006257486,0.022294848,0.018319659,-0.014497377,0.000211503,0.027243323,0.002402451,-0.001731435,0.003634785,-0.001350296,-0.010346233,0.00940901,-0.005612603,-0.003678146,0.00297994,0.000920681,0.0032721,-0.001004228,0.00011145,-0.001309499
Ni,-0.155150311,-0.299927246,0.21760112,0.052850537,0.181705502,0.255702233,-0.007012935,-0.006656531,0.091884022,-0.127563295,0.115998735,0.006007892,0.110428851,-0.191566655,-0.059169969,0.080488237,-0.164299303,0.053711012,0.244867171,0.037643503,-0.019032269,0.032007071,-0.231507556,0.259441044,-0.086300873,0.137244484,0.026862708,0.23142295,0.008758032,0.017960567,0.055693483,0.077557819,0.257266319,-0.111204482,0.039482312,0.018307567,-0.010375266,-0.145021135,0.043632394,0.102097837,0.280857955,-0.05359091,-0.00959837,0.08947217,-0.26529401,-0.022365377,-0.010430855,0.167261397,-0.119584686,0.075714658,-0.005317303,-0.036269132,-0.038324244,-0.005205276,0.021301682,-0.034255273,0.000472099,-0.064777218,0.059635112,0.003212922,-0.007284924,-0.002384432,0.024393327,-0.015467912,-0.010669273,-1.62E-05,-0.015435947,0.008379975,-0.000818304,-0.010208883,0.011763779,0.004049723,0.006572541,-0.000898972,0.000469861,-0.001240983,-0.000406144,-0.003002666,0.002482464,-0.000722573
Cu,-0.152331453,-0.303443837,0.183911905,0.014010787,0.161917383,0.009204546,-0.086736938,0.023029289,-0.04318073,-0.102738528,0.146929474,0.175238471,0.205225177,-0.082885635,0.054881705,-0.065099865,-0.189113554,-0.047155535,-0.160518718,0.099124098,-0.150962092,-0.031979093,0.07766244,0.475874134,-0.264112043,0.081377106,0.100488525,-0.081851245,0.059670428,0.120080347,-0.083246331,-0.151447724,-0.194787925,-0.152649389,-0.05108656,0.087048725,-0.06372583,0.014759578,-0.116581243,-0.065325831,-0.297685282,0.09986052,-0.065356558,-0.069455851,0.017257103,0.035480468,-0.05799741,0.037750348,-0.039648736,0.070682826,-0.021010129,0.021986089,0.040049462,0.000734932,0.02114974,0.025976852,-0.01131669,0.053689134,-0.022433836,-0.023967731,0.02033567,-0.00837793,0.025677122,-0.024290687,-0.013063952,0.008992232,0.00694768,-0.000810695,0.002262966,0.00681134,-0.018995319,0.007501785,-0.002364959,0.005527336,0.004290431,-8.45E-05,-0.00050388,0.003906954,0.002085379,-0.001987525
Zn,-0.208006588,-0.320861924,0.149927797,0.0535152,0.110087386,-0.168488175,-0.160093846,0.024292581,-0.09573824,-0.057851776,0.186182178,0.025034521,0.02077915,0.11532859,0.109623572,-0.107576223,-0.167777748,0.105507643,-0.233065185,0.095992737,-0.110454308,-0.096115362,0.060264477,0.093688143,0.047980702,0.33036454,0.121058742,-0.137013621,-0.082601574,0.07185902,-0.051522406,0.236997082,-0.039193389,0.347925555,0.135426911,-0.240377791,0.072774957,0.102593314,-0.035498287,0.091182597,0.187893485,-0.028216782,0.09956415,-0.031308188,-0.063510661,-0.043382951,0.10621286,-0.129817735,0.059723074,-0.068869019,-0.087886409,0.000787843,0.01601108,-0.003803293,0.000891856,0.015701084,-0.032363057,-0.011240593,-0.001803955,0.018167336,-0.005631992,-0.008924397,-0.011777471,0.012572985,0.012419663,0.004164236,2.55E-05,-0.004231649,-0.012490511,0.007497365,-0.010622949,-0.008269612,-0.000204508,-0.002241985,-0.001514377,0.00104238,0.003181183,-0.001396955,-0.002702483,0.003902581
Ga,-0.195109352,-0.311678154,0.180465832,0.04673308,0.106482949,-0.220998471,-0.038277694,-0.134254805,0.033000031,-0.15288266,0.092358754,-0.323151672,0.061355737,0.015701648,0.072721879,0.061016501,0.063345842,0.101607052,-0.187079144,0.079425335,-0.10942734,-0.083759693,-0.091199435,-0.037819872,0.013216573,-0.054110572,-0.283057656,0.17436835,0.059330087,-0.039564242,0.035936438,0.040896258,0.075602618,0.244010423,0.116529728,0.275123083,0.014305741,0.098929685,-0.133180087,-0.198670862,-0.198870061,-0.252949555,-0.108562986,0.117248575,-0.109709765,0.018361884,0.073354848,0.04084138,0.0126214,0.038454463,0.123083492,-0.008179538,-0.047573673,0.010360493,-0.031462513,-0.007624144,-0.002552772,0.01181661,0.015247752,-0.03951383,-0.005138001,-0.013003201,0.012411657,-0.00271252,0.015144494,-0.01840948,0.011111164,-0.005543875,0.007976225,0.001882223,0.007645021,-0.004587521,0.009433432,-0.001278581,0.006391767,0.003161767,-0.002666801,0.000860619,-0.006212775,-0.004978177
Ge,-0.148692857,-0.290941034,0.193776337,-0.016095058,0.083965962,-0.170129998,0.200179081,-0.279850187,0.142673122,-0.093680537,0.084807422,-0.302442386,0.102376625,-0.154241359,0.120019054,-0.127041286,0.146339847,-0.152285802,0.100375205,-0.072087893,-0.039620975,0.329139603,0.10771825,-0.054999563,-0.10419432,0.066808328,0.004344098,-0.116828143,0.042072819,0.007710896,0.03919648,0.020163613,0.000963002,-0.01531063,-0.033003995,-0.044131713,-0.038065603,0.010007374,0.008709317,0.053414218,0.046671672,0.095957471,-0.005668496,-0.087147599,-0.005220853,-0.055408785,-0.025542726,-0.167479577,0.049589049,0.164368548,0.059114952,-0.171348637,-0.207958308,0.330737716,0.023959784,0.038402886,0.080519447,0.058762161,-0.005183119,-0.020728183,-0.004262998,-0.002569329,-0.028570552,0.01732161,0.000986113,0.016817334,0.003834025,-0.014966157,-0.008741873,-0.024996103,0.053237768,0.003673589,-0.004982071,-0.002946487,0.006142347,0.001734746,-0.002814987,0.00224787,-0.001490905,0.001418164
As,-0.113650467,-0.217348035,0.173640978,-0.158898393,-0.075595857,-0.194737333,0.509553599,-0.17512567,0.136420462,0.103062696,-0.072738963,0.378152421,-0.051621846,0.053065052,-0.107458331,-0.146872314,0.048583906,0.18154675,0.053381035,0.142395799,0.060735599,-0.185307097,-0.02715052,-0.018764989,-0.016089017,-0.005549162,-0.001270965,0.009127238,-0.029091229,0.039088706,-0.050013769,-0.03801439,0.046208038,0.032046335,-0.008920033,0.066504095,-0.010488186,-0.008338876,0.023151486,-0.000166981,0.012447872,0.002281165,-0.020371068,0.039051372,-0.013466984,-0.010601265,0.017199444,-0.048251054,0.028196544,0.070064202,0.018472276,-0.043545091,-0.05799245,0.102930883,0.008619755,0.00814803,0.035122876,-0.015724641,0.019035384,0.008761173,-0.011455061,0.002032754,-0.007398466,0.010397137,0.006237542,0.005444242,-0.05018639,0.010355439,0.020512633,0.204110851,-0.377794868,-0.024454049,-0.036252005,0.00270666,-0.053845663,-0.004849462,-0.001674441,0.001790272,0.000826331,0.010083174
Se,-0.052612801,-0.120334641,0.202408179,-0.285132407,-0.322951723,-0.005449151,0.297544589,0.531840075,-0.205083963,-0.17144214,0.014086751,-0.159457211,0.073636494,-0.054698178,-0.017214765,-0.125009134,0.017175408,-0.097531173,0.005757941,-0.029107105,0.057570807,-0.09271546,-0.065496423,-0.061041474,-0.046067148,0.022311647,-0.008930567,-0.006129104,-0.038038948,0.046287943,-0.016503567,-0.00780254,0.046367809,-0.005294912,0.029244105,-0.001469587,-0.083633991,0.02322549,-0.020973792,0.012471262,0.022336325,-0.043723726,-0.088553356,-0.149761377,0.022075908,-0.044149021,0.025990726,0.023926622,-0.010133161,-0.011601889,-0.010675664,0.009570178,-0.007180747,-0.011281536,-0.000103688,-0.004117856,0.002154114,-0.004491252,0.000624352,0.013853987,-0.0093537,0.011426991,-0.025681533,-0.042111885,-0.004562713,0.00326577,0.001991066,-0.004179376,-0.003932839,0.02461944,-0.045352411,0.008196615,-0.055181794,0.014576754,0.400680375,0.006755751,0.091145744,0.005768139,-0.003270393,0.006622307
Br,-0.060472618,-0.111752874,0.225326773,-0.421232635,-0.503079883,0.131543177,-0.330048398,-0.245675577,0.075655825,0.041765733,-0.023373486,0.02233518,0.001625883,0.006705616,-0.022099412,-0.033600941,-0.037009218,-0.089214652,0.005599194,-0.000762339,-0.018312785,-0.081475098,-0.039468827,-0.064972796,-0.084518554,0.02336533,0.005637208,-0.000558307,-0.006766943,-0.074911422,0.052828663,0.038842433,-0.013865271,-0.035483557,0.066867117,-0.01691305,-0.153421538,0.043353395,-0.041983951,0.023972092,-0.012013215,0.031371943,0.053979636,0.071311829,0.001560244,0.01422963,-0.014181241,-0.008679255,0.010389461,-0.005850777,-0.003851761,-0.000546344,0.010165994,0.005345314,-0.020273657,0.000130874,-0.015246315,-0.020566835,-0.004371609,-0.015397514,0.038428865,-0.050280016,0.152441301,0.199502288,0.027005612,-0.006788167,-0.00972819,-0.003406647,0.002371427,0.00810812,-0.010013344,-0.000942771,-0.025026045,0.015164301,0.11629184,0.003523801,-0.371614258,-0.008700561,-0.001219284,0.01197552
Rb,-0.402863941,-0.130292141,-0.41247419,-0.423351829,0.198351356,0.048722679,-0.002732903,0.109567104,0.246341352,0.091333894,0.037696502,-0.054580715,0.273690258,0.21749643,-0.055477426,-0.016997133,0.023717301,0.025790617,0.048656902,-0.014853641,-0.045450295,0.026393661,-0.003889613,-0.018925998,0.02101521,0.105650307,-0.030606302,-0.03660019,-0.007305907,-0.029514186,-0.029329491,-0.085372576,-0.013749347,-0.003201749,0.055603759,0.012496121,-0.002793098,-0.063141944,0.017502319,0.026966985,-0.030573661,-0.039860702,-0.015844733,0.028306829,0.039661924,0.017389985,0.044315316,0.025301968,-0.022657124,-0.039793929,-0.016581369,-0.044542157,-0.020019831,-0.012740743,0.010979182,0.03814293,0.018774077,0.004888182,0.04417148,0.023822603,-0.00066639,0.017536638,-0.002911123,0.009964473,-0.027114043,-0.001553524,0.02185019,0.025584591,-0.001150267,-0.013247817,0.013481837,-0.029649188,0.034152837,-0.019031769,-0.003684811,-0.020031251,0.006023189,-0.002565701,0.013411552,0.396377945
Sr,-0.416903336,-0.008300432,-0.291687606,-0.356140797,0.172766506,0.065092134,0.010926861,-0.00876848,-0.056345995,0.045670283,0.122183856,-0.001628525,-0.277125751,-0.370618243,-0.052390052,0.018795585,0.020334165,-0.052837433,-0.156887133,0.15082574,0.07253291,-0.022420385,0.006597512,-0.022092367,-0.003017225,0.037154649,-0.034781533,0.019509676,0.012705155,0.004131599,0.032562804,0.022383572,-0.033356043,0.074561287,-0.191475886,-0.016683396,-0.071120813,-0.018781079,-0.046142223,-0.080065442,0.068192156,-0.009077169,0.027802743,0.006466587,0.014677701,-0.081794135,-0.070703669,-0.05242139,-0.047893487,0.037841104,0.013249234,-0.003059971,0.024995193,-0.002860031,-0.00276252,-0.022320548,0.008404591,-0.004843737,-0.004608818,0.021672909,0.088996095,0.000514304,0.01024177,-0.003685999,-0.066929779,-0.059548292,0.032650707,0.043095459,0.077184002,-0.032662039,-0.072568921,0.178626245,0.35884385,-0.050408814,0.042602055,-0.017902767,-0.004583606,-0.024859044,0.010274728,0.010958511
Y,-0.617291583,0.300646978,0.166650633,0.122588558,-0.054931644,-0.023912285,-0.009948773,0.065165176,0.10306794,0.124602432,0.012211144,-0.013814377,0.071894976,-0.048307943,0.016285461,0.018078212,-0.039774138,0.014764192,-0.013474802,-0.007496174,0.003721245,-0.021224362,0.009502256,-0.017470964,0.015692734,-0.038104475,-0.009465891,0.012536302,-0.056903839,0.048698962,0.045649627,0.078263479,-0.027249722,-0.004042152,-0.006816253,0.045218693,-0.052591274,-0.052160839,0.064305927,-0.070144415,0.019633624,0.103037455,-0.008117199,-0.045956181,-0.04881238,0.048648351,0.024111611,-0.041502058,-0.08598252,-0.040480566,0.069179854,-0.061984158,0.057909856,-0.015216643,0.109985647,0.213368952,-0.06601624,-0.037483963,-0.067820157,-0.03915321,-0.262879747,-0.129274795,-0.017602213,-0.047006532,0.384121484,-0.001646864,0.052521678,-0.124097097,0.114889454,0.012312786,-0.007469573,0.059503962,0.086655985,0.099396715,0.002109263,0.058822614,-0.005200012,0.055336575,-0.01927163,0.029737356
Zr,-0.420616668,-0.071659829,-0.121487591,0.161028674,-0.163469669,-0.094816146,-0.081483676,0.091756334,0.240868956,-0.348031396,0.013418701,0.100294621,-0.221292677,0.192980356,-0.163283167,-0.00957325,0.070546855,-0.177159495,-0.060734974,0.149647805,0.083634825,0.173924055,-0.088513965,0.054593174,-0.047845216,-0.046472357,-0.012562812,0.152988534,-0.167639836,0.039469453,0.015051917,-0.019092024,-0.098854168,0.038046063,0.032460762,-0.04184818,0.027743553,-0.053077111,0.015852286,0.061432392,-0.040204865,0.048302292,0.01185507,-0.029800549,-0.048401159,-0.025263895,-0.041701823,0.015890064,0.071839058,-0.049260321,0.049126646,-0.049476652,-0.014732594,0.014265658,0.033216797,-0.062300171,-0.013529858,0.035866857,-0.008825631,0.040537579,-0.003365352,-0.089741831,0.034156034,-0.032124189,-0.03161018,-0.346802408,0.103081567,-0.12597216,-0.142924484,0.120236144,0.036423353,-0.068101619,0.028744042,0.041170444,-0.000157769,-0.033698205,0.003736346,-0.013465452,-0.001898538,0.001742022
Nb,-0.336846147,-0.273543822,-0.315173526,0.249204436,-0.282359172,-0.00270185,0.009100858,-0.039850602,-0.035336053,-0.1345071,0.009039215,0.100260831,0.136652691,-0.119855021,-0.028213578,0.092046077,0.170390122,0.005790697,-0.033535277,-0.167095173,-0.038726045,-0.148936884,0.177503968,0.036615682,-0.023174812,0.102161067,0.062912197,0.121150998,-0.028328913,-0.057456846,0.025440105,-0.027315446,0.047607368,-0.011114712,-0.090129143,-0.024645622,0.012996219,0.104667708,0.081401751,0.116647274,-0.052556464,-0.168556889,0.045102034,0.003471838,0.003535048,0.027538856,-0.140027417,-0.065210462,-0.147521134,-0.093649672,-0.007556437,0.061105236,-0.096832161,0.048980681,-0.10205798,-0.002572894,-0.03319589,0.110008616,-0.044501465,0.015825028,-0.008953763,-0.04727494,-0.07195033,-0.003976176,0.121901514,-0.165496748,-0.336389318,0.07836935,0.036691301,-0.059012494,-0.001272928,-0.025764858,0.004516619,-0.007276153,0.007890967,-0.014717636,-0.001705636,0.003114567,0.003705572,0.011009569
Mo,-0.245665628,-0.304620531,-0.268991747,0.247249956,-0.254524277,0.146013829,0.071232903,-0.041226321,-0.162058048,0.218799619,-0.00015728,0.038399231,0.148477126,-0.030867463,0.111190935,-0.066577637,0.090594627,-0.029834749,-0.026099455,0.098793905,-0.075286687,0.115218493,-0.23375159,-0.028216057,0.010991682,-0.044656131,0.026145321,0.146300132,-0.044282335,0.002872346,-0.179029755,0.028487593,-0.108840592,0.015748971,0.002632942,-0.145734818,-0.067938143,0.020049199,0.038310922,-0.213294455,0.082967766,0.074918073,-0.087763079,0.048327049,0.001739105,0.050570785,0.002107413,0.037737867,0.056239922,-0.060750648,0.023976384,0.194989767,-0.077791805,0.13181139,-0.13572618,0.061380693,-0.009275071,0.024761189,0.051195437,0.106587665,-0.013202456,-0.260507693,0.146411641,-0.162707237,-0.065973822,0.094473764,0.020711038,0.055181717,-0.017258305,-0.026401201,-0.004724839,0.015104837,-0.017836902,0.004835664,-0.008474176,-0.001875513,0.001395667,0.009346205,-0.001113922,0.009481229
Ru,-0.199148421,-0.351683116,0.136785534,0.134556938,0.079836169,0.410543791,0.072061422,0.031398942,0.012782063,0.206982706,-0.147364782,-0.145715376,-0.178737096,0.181802143,0.008828086,-0.07122236,0.105411279,-0.048571961,-0.142022038,0.062387007,-0.019621918,-0.022673491,0.150545443,0.126056509,-0.058886844,0.028732278,-0.023246618,-0.044626353,0.002578862,-0.012822407,0.122248717,-0.083958836,0.203520169,-0.001062615,-0.053747587,-0.064767841,-0.043551419,-0.092358785,-0.048680409,-0.035543106,0.03972381,0.060067182,-0.096911154,0.019838159,-0.092954824,0.08256171,-0.003691352,0.039338199,0.085805595,-0.090427003,0.090950097,0.10105126,-0.018672198,0.000947811,-0.198673008,0.069338508,0.055727542,0.080408036,-0.224883486,0.219355672,-0.10506454,0.121080803,-0.131111917,0.162596826,-0.021551934,-0.011037999,0.063660639,-0.025776416,-0.006253242,-0.005800707,-0.019925761,0.006332071,0.001112689,0.004543139,-0.000981114,0.002753458,-0.00057582,0.002178133,-0.004521748,0.000867548
Rh,-0.172047037,-0.321606922,0.270821327,0.080009692,0.233332845,0.411082785,-0.028597102,0.066341825,0.107099933,-0.035168975,-0.019541553,0.007869836,-0.101514259,0.012786043,-0.046718085,0.055570608,0.186791377,-0.01207292,0.036422459,-0.105966602,0.0226364,-0.095195819,0.104132669,-0.182186799,0.052453915,-0.0231742,0.07816877,-0.127317451,-0.005267777,0.036156791,-0.221040511,0.014801315,-0.269041346,0.071003462,0.046668718,0.069957198,-0.018464817,0.0733247,-0.016137398,0.028944858,0.025094476,0.005809072,0.004464281,-0.001847247,-0.155910824,-0.00625728,-0.038367943,0.107389078,-0.116372132,0.101731216,0.003816379,-0.093429577,0.047024705,0.008439638,-0.136151602,-0.000181253,0.106234556,-0.100214878,-0.065929733,0.024180484,-0.090426311,0.183935502,0.267561024,-0.154123627,0.000788102,-0.040934439,-0.05820314,-0.014027344,0.007860307,-0.003774346,0.011771218,-0.020079585,0.009664954,-0.000299156,-0.000255296,-0.005447725,-0.001174115,-0.001410555,0.005697151,-0.000250029
Pd,-0.178101118,-0.342125294,0.294831365,0.045218848,0.277607404,0.212427179,-0.149583634,0.055850262,0.003085147,-0.163175987,0.048833423,0.204169814,0.185049226,-0.13647098,0.001331809,0.045930522,0.09616973,0.019743867,0.021672615,0.048106642,0.033887274,0.004480463,-0.199413088,-0.074416036,0.038659802,-0.100290707,-0.030058915,-0.05217745,0.040117349,0.06388229,0.095882681,-0.014206509,-0.004909552,-0.128112933,-0.012940384,-0.01740372,0.056988107,-0.086927995,-0.002066248,-0.072238001,-0.074804012,-0.144877528,0.185007981,-0.053674946,0.15874721,-0.070721496,0.094597462,-0.128531105,0.098685198,-0.170344233,-0.039248422,-0.100797006,0.094703684,0.168995808,-0.232857296,-0.070209083,-0.144665711,-0.249162079,-0.079131103,0.0234499,-0.003909044,-0.027389574,-0.088176833,0.028343636,0.022258963,0.006908927,0.01815016,0.001938996,-0.00720413,0.004429104,0.004227933,-0.008796851,0.005462685,0.003700438,-0.000716972,-0.000175748,0.002785907,0.001204206,-0.00295439,0.004917941
Ag,-0.237916898,-0.253893388,0.103408235,-0.056427111,0.158929543,-0.151231232,-0.174342757,0.083525709,-0.193736244,-0.005798924,-0.084424816,0.28922148,0.159601423,0.008247197,0.12845239,-0.035333594,-0.02507491,-0.167481253,0.035582582,0.033941999,0.071159246,0.128506354,0.22784046,0.004681077,-0.197072985,-0.291207416,-0.242813618,0.041378588,0.075381601,-0.014579482,0.013585045,-0.242760862,-0.051802698,0.123086562,-0.042354509,0.096525656,-0.07839565,0.096492358,0.130602009,0.052006772,0.257765201,-0.030599482,-0.0199386,0.065745705,-0.091892417,0.031158107,0.214083479,-0.092024737,0.0409137,-0.052646975,-0.146405969,0.076383779,-0.026775314,-0.033682565,0.083654685,-0.013644462,-0.014024085,0.006039966,0.03762638,0.02942433,-0.057088399,0.052500394,0.035433521,0.01261481,-0.007677523,-0.018565256,-0.037691791,0.00025489,0.00421796,-0.001627236,0.023046341,0.010678438,0.025547368,0.006935821,0.004924339,-0.000715694,-0.003420278,-0.007090195,0.006078874,-0.002084309
Cd,-0.28535318,-0.218174852,0.068356508,0.020156752,0.07513188,-0.317896565,-0.221457246,0.061370109,-0.299082537,0.096759979,-0.106295349,0.081777709,-0.119073418,0.106627038,-0.006085986,-0.036450111,0.050870341,0.008215881,0.265003483,-0.027827589,-0.034409489,0.06904511,0.035229197,-0.051876422,0.051199014,0.331102627,-0.10637992,0.013631287,-0.071122674,0.098117929,0.058718448,-0.00751925,-0.139146151,-0.16433893,-0.167265565,0.005077421,-0.072661461,0.046641022,0.070000624,0.064128942,0.007540903,-0.104310482,-0.057784635,0.043511503,-0.027881625,0.011855933,0.14618788,0.036844355,0.134352779,0.174354173,0.217306794,-0.05799348,0.093845467,-0.140150702,-0.193024901,0.02306095,0.054702649,0.034214633,-0.046908878,-0.121553183,0.033569137,-0.123262733,-0.04386955,-0.005855518,-0.004744793,-0.010138076,0.005455914,0.001708355,0.038558872,-0.000984056,-0.003632634,-0.003301528,0.007486894,0.003451227,0.002173068,-0.00466925,0.00156668,-0.002121495,0.00793013,0.001632899
In,-0.290812002,-0.243861967,0.076451486,-0.015325945,0.107392845,-0.324338122,-0.187311035,-0.004058315,-0.189945467,0.034773318,-0.168098071,-0.125867258,-0.027749691,0.15654455,0.006677672,0.144981931,0.175674362,0.09764533,0.168637024,0.03773634,-0.003126247,-0.175749856,-0.207991581,0.00404185,0.020971242,0.099394347,-0.074706094,0.033062465,0.035679092,0.09266242,0.172732422,-0.044928865,-0.066092079,0.030425289,-0.201548787,0.026087001,0.012161333,0.106448799,-0.038142478,-0.07324839,-0.056998716,0.282813597,0.165820368,-0.164114129,-0.105489785,0.022626911,-0.07152246,0.073467184,-0.122249593,-0.195889347,-0.152489257,-0.041979412,-0.198141746,0.004221285,0.02954627,-0.050716284,0.062632539,-0.007825287,0.089601832,0.049349379,-0.02477916,0.050791383,0.008839657,0.031267439,-0.013005578,0.031363393,0.031735688,0.004813877,-0.000123698,0.008928111,-0.00305905,0.013501953,-0.0012227,0.005172735,-0.000172091,-0.010983243,0.00136128,0.008364785,0.004668712,-0.004351777
Sn,-0.256447742,-0.306874996,0.136958639,-0.018531413,0.087775035,-0.298989707,-0.020958711,-0.12746569,-0.040457515,-0.05293256,-0.159390682,-0.23952226,0.018319736,-0.036300556,-0.019692174,0.128661213,0.11763026,-0.009413672,-0.042288746,-0.021894641,0.028174763,-0.030864879,-0.142753896,0.024809291,0.044128264,-0.017416414,0.362010883,-0.122571952,-0.185393285,-0.280651671,-0.037705377,-0.290048606,0.06800011,0.051757488,0.028751235,0.156737747,-0.029958211,-0.059561281,0.118892833,-0.08418556,0.091925025,0.022367981,0.025946966,-0.084582995,-0.139089756,0.017198295,-0.052413479,-0.067768328,0.097678117,0.055095027,-0.080121909,0.020851539,0.233290553,-0.035344771,0.022135709,0.05569017,-0.113313868,0.043392321,-0.066427393,-0.025615319,0.095646253,-0.057070115,-0.00762383,-0.027550467,-0.018145027,0.003100609,-0.016036675,0.017211453,-0.002671617,0.000662443,-0.017189501,0.002331453,-0.00546214,-0.003552929,-0.004319016,0.00201582,0.001123675,-0.010677604,0.009506201,0.010685961
Sb,-0.20676945,-0.317824088,0.180274511,-0.07990448,0.006082615,-0.173522063,0.298621602,-0.173281376,0.059489932,0.022574799,-0.2877229,0.064155376,0.012526105,-0.011093064,-0.298264479,-0.077673277,-0.141526835,0.067369409,-0.166498081,-0.190186525,-0.152551709,0.106113596,-0.071692915,0.065963951,0.140189694,-0.01776889,-0.035259759,0.060935948,0.094781306,0.035715453,-0.035742785,-0.125223127,-0.039587868,-0.007673033,0.010740547,-0.050145185,-0.062951964,0.002917664,-0.069901891,-0.0055628,0.050179148,-0.010355,0.085546498,-0.079355638,0.020889123,-0.109665774,-0.106119623,-0.180793287,0.000106062,0.055860816,0.147249247,0.163127776,-0.026755423,-0.18481442,-0.020628165,0.01762151,0.108310649,-0.220569683,0.16571908,0.0834119,-0.06357913,0.026560347,-0.018362794,0.016806036,0.027001011,-0.034988787,-0.016988557,-0.027002641,-0.018293088,-0.064570723,0.12617151,-0.004580798,0.003601695,-0.013222636,0.014439525,0.017204774,-0.006210682,0.002979356,-0.001868491,-0.002341815
Te,-0.121441839,-0.210840472,0.196416603,-0.208512342,-0.195430651,-0.022538394,0.249867615,0.31517874,-0.149593435,-0.068589443,-0.073756307,-0.079003164,0.038204363,0.003445454,-0.089721628,-0.114117101,-0.151587876,-0.201033622,-0.043941942,-0.114296657,-0.064329955,-0.098544251,-0.048233424,-0.086908153,-0.212885679,0.049527808,-0.018717384,-3.69E-06,0.085171628,-0.181743166,0.102820204,0.084266146,-0.17258759,0.008760901,-0.11745736,-0.024984133,0.465009897,-0.12146109,0.141533013,-0.109330339,-0.023701742,0.032365753,0.065433498,0.219667462,-0.063164779,0.064508823,-0.055958866,-0.021881973,0.005799116,0.020302166,0.015276858,-0.005851421,0.02729597,0.025635461,0.002970432,0.030267926,0.036344388,-0.001846233,0.009606605,-0.001199948,0.002177658,0.00224507,0.001860221,0.012929591,-0.003902609,0.013720862,0.002420825,-0.002994137,-0.002100918,-0.01209202,0.01238632,-0.006462248,0.018782715,0.000576057,-0.094189926,-0.006249457,-0.033061414,-0.005181576,0.002461577,-0.002790173
I,-0.084800602,-0.137295185,0.21494364,-0.378937672,-0.457028827,0.10581741,-0.262668356,-0.21208552,0.068110996,0.043010485,-0.020319883,0.030986864,-0.005283962,0.023318159,-0.020100649,-0.008224616,-0.065604235,-0.113500895,-0.018592462,0.00709396,-0.028723551,-0.089346237,-0.0486652,-0.108618386,-0.12596949,0.031358246,0.019194047,-0.005755346,-0.007761593,-0.111504436,0.093302998,0.038971053,-0.02579752,-0.053014967,0.09916139,-0.007426781,-0.244920729,0.070257848,-0.075027078,0.050929117,-0.034467531,0.034722938,0.141910993,0.174087436,-0.020432466,0.049277568,-0.008231865,-0.01596613,0.012266102,-0.004379257,-0.007500001,-0.016269416,-0.01213487,-0.014196892,0.009459231,-0.003136811,0.01187276,0.014198992,0.001193508,0.02408022,-0.060127054,0.075490834,-0.259837456,-0.336373373,-0.058196468,0.013050863,0.031422457,0.004558631,-0.009593973,-0.005064246,0.004398153,-0.003467084,0.01610798,1.94E-06,-0.054505955,-0.001479006,0.135298394,0.002158427,0.000929312,-0.008367124
Cs,-0.361886385,-0.136709575,-0.403888847,-0.406190805,0.180162521,0.039823388,-0.01150297,0.109078157,0.255334248,0.07829902,0.048459243,-0.039494091,0.275879963,0.224584241,-0.035520815,-0.037619436,0.033201048,0.037251104,0.054871192,-0.03074184,-0.066634729,0.030254211,-0.008118507,-0.033591951,0.027633361,0.124386703,-0.058573312,-0.031124345,0.010062933,-0.036621108,-0.026647471,-0.111282459,-0.015182802,0.006737123,0.06618696,0.012607327,-0.019890483,-0.09499957,0.011793301,0.020569251,0.00235955,-0.008687879,-0.024331534,0.022482298,0.04377894,-0.016905012,-0.010542842,0.024974483,-0.022162739,-0.042170515,-0.046521342,-0.029920188,-0.006600226,-0.005264833,-0.010717773,0.076817854,0.001361574,0.016346703,0.014179411,0.026726707,0.027427926,-0.020616336,0.003996984,0.008227937,0.022896261,0.047392549,0.011589519,0.019910286,0.046020763,0.012272028,-0.004941464,-0.275997934,0.182909032,0.002254063,0.032897637,0.030450719,-0.002126737,-0.005311133,-0.030624091,-0.269342014
Ba,-0.385191957,-0.062394473,-0.358964072,-0.411277434,0.195895434,0.06533843,0.014624518,0.031196601,0.080326613,0.0426018,0.119414994,-0.036799208,-0.095350623,-0.155211556,-0.058675944,0.004852767,0.01550782,-0.012596305,-0.12887087,0.096440614,0.062114699,-0.003668767,-0.030585709,-0.007554583,-0.001898516,0.066418296,-0.019690577,-0.027616041,-0.001548749,-0.012268203,0.069204893,-0.020687741,-0.082835289,0.10355531,-0.297717643,-0.006638619,-0.13033682,-0.082816648,-0.039103278,-0.091822925,0.087887916,-0.068999803,0.001872166,0.07299212,0.018674823,-0.14003871,-0.025098322,0.019489581,-0.030052897,0.056368716,-0.047563343,0.085590151,0.035891543,0.019611102,0.03863538,-0.219800766,0.056475142,0.034015715,-0.094948426,-0.028293054,-0.011568548,-0.011802608,-0.005791648,-0.031015519,0.168965942,0.079520529,-0.013386237,-0.0803817,-0.057226766,0.040322925,0.065849218,-0.075247693,-0.286431051,0.051974299,-0.038629352,0.018845204,-0.00166362,0.013520097,-0.019134931,-0.016426363
La,-0.507181988,0.290440397,0.014856394,-0.109360843,0.078576776,0.152226333,0.11134056,-0.210651625,-0.319518517,-0.13840568,0.13410487,-0.008786938,0.021781618,0.198449955,-0.0957719,0.00282917,0.027046602,-0.009846589,0.018967425,-0.013411363,0.008157833,0.028183588,-0.034130631,0.008363593,0.003103611,-0.03393953,0.053225022,-0.038718314,0.101879072,-0.053291791,-0.055248816,0.020187974,0.060085219,-0.000518502,-0.082199127,-0.012472036,-0.017140615,0.070125791,0.020821211,0.007542037,-0.033674435,0.00136682,-0.02154725,0.032728542,-0.019953966,-0.147089551,-0.021157498,0.030171926,0.00485134,-0.016154878,0.006313883,-0.013780416,0.018878307,-0.027572676,-0.023311968,0.028263795,-0.089251549,0.045470828,0.009860527,-0.15135275,-0.248458662,-0.021062369,-0.011101186,0.046998363,-0.06868997,0.121089374,-0.106190784,-0.095611823,-0.375360408,-0.073613988,-0.07060789,-0.007413623,0.109054633,0.00361566,0.011464021,-0.00801006,-0.002789586,0.005202623,0.005247494,0.002190115
Ce,-0.564472064,0.323073725,0.045457276,-0.055528126,0.038058625,0.157371161,0.115661214,-0.177749355,-0.225294651,-0.163573565,0.074170436,-0.007210002,0.039914926,0.189110493,-0.002403858,-0.010425864,-0.004534229,0.001738159,0.01246973,-0.000200901,0.016150401,0.010057393,-0.027039904,0.001579154,-0.012274205,-0.00107385,0.025453832,-0.02927071,0.061698582,-0.03604981,-0.035994492,-0.02197132,0.015562348,0.009557765,-0.032220373,-0.002807984,0.008037622,0.007798951,-0.022828817,-0.032215476,0.041446303,0.034321281,-0.01214559,0.042214524,0.01810955,-0.137181842,-0.053218342,-0.044757627,-0.024110178,0.025644207,0.002361819,0.023205398,-0.075563036,-0.055153971,0.027400386,-0.010617457,-0.070126451,-0.034455996,-0.123006851,-0.131811501,-0.157744916,-0.015073938,0.013641385,0.01337812,-0.04024735,-0.159572581,0.166494627,0.405829357,0.175159275,0.050205778,0.037612859,-0.02241448,-0.076767995,0.014256777,-0.001124152,-0.044594525,0.00403534,-0.00162657,-0.012721513,-0.007900756
Pr,-0.540318326,0.320800179,0.043531535,-0.089674597,0.068732499,0.157172824,0.123906947,-0.218291056,-0.320422968,-0.116327498,0.118753762,-0.021674657,0.069593022,0.198567801,-0.1218184,0.0330077,0.024015392,-0.010128583,0.006929012,-0.012028649,0.037884795,0.023932923,-0.003937914,0.012863792,-0.002970115,-0.018197993,0.031593117,-0.00259905,0.026822052,-0.012169994,-0.018713049,0.021623944,0.033543994,-0.008628701,-0.011681235,-0.002298579,0.018101325,0.049844179,-0.019963924,0.05443023,-0.040385191,-0.007230997,-0.047976203,0.036516013,-0.012344126,-0.053546911,0.016728902,0.01401928,0.012034216,-0.058047829,-0.061581259,0.001995045,0.040789946,0.053717984,0.016577562,-0.005024839,0.102984398,-0.03495985,0.001976436,0.067192394,0.100926288,-0.06448591,-0.006645471,-0.017364,-0.10670304,-0.051463692,-0.044555363,-0.224903455,0.251453816,-0.046459925,-0.006913094,0.017845145,-0.03904265,0.08024766,-0.012248765,0.274344192,0.008369647,-0.151564946,0.085828654,0.006273609
Nd,-0.568091165,0.336494888,0.068119682,-0.067596618,0.055254746,0.13700037,0.115607149,-0.207382464,-0.311721423,-0.09426294,0.11576578,-0.015957038,0.071675387,0.170700054,-0.11931092,0.039962841,0.016849135,-0.015372273,-0.000124685,-0.012488388,0.041809387,0.023268078,-0.003124634,0.015768794,-0.003648824,-0.039755432,0.034776446,0.008228092,0.011148063,0.009128541,0.007576075,0.053645853,0.016279355,-0.01570335,-0.039823478,0.010168019,-0.004640827,0.048330402,-0.00774246,0.048931856,-0.017674871,-0.023104561,-0.029717484,0.002464386,-0.016908436,0.044715417,0.048924665,0.01498823,0.02963829,0.002529725,-0.015705468,0.015425569,0.071952355,0.055250518,0.032764008,0.050269086,0.061586455,-0.031672566,0.035556293,0.142911986,0.178285775,0.014866634,-0.005628118,-0.034658566,0.0875921,0.017957094,-0.010844298,-0.118610152,0.096782749,0.046958782,0.040885791,-0.01169915,-0.0064672,-0.158075321,0.006855377,-0.305379626,-0.011799553,0.208445733,-0.116025916,-0.007794918
Sm,-0.613684646,0.35543416,0.110145637,-0.005409122,0.023653523,0.071092394,0.06709384,-0.116077723,-0.177823404,-0.034295425,0.057969935,-0.010322685,0.066912408,0.084789256,-0.051439019,0.026389011,0.011474391,-0.003993918,0.006847734,-0.029340794,0.008926236,0.006435353,0.023860127,0.014271549,-0.011091782,-0.010909497,0.004704141,0.032738837,-0.079147345,0.034916909,0.021514413,0.012650357,-0.053923796,-0.006338671,0.037969367,0.010255346,-0.007810074,-0.070116316,-0.004503864,0.006877271,0.020322775,-0.041803765,0.04106928,-0.045422803,0.026810498,0.173819032,0.068781575,-0.010264212,-0.019493098,0.025276826,0.084453643,0.00341976,-0.026870441,0.007435875,-0.021000122,-0.013361017,0.029620621,0.029357551,0.046236527,0.137798554,0.264352788,0.126550203,0.016218635,-0.03310411,0.231267175,0.066748618,0.028327681,0.22209857,-0.241531216,0.11772595,0.043027473,0.069597089,0.045326401,0.114738568,-0.002015072,0.108953509,0.004310119,-0.109640629,0.039504692,-0.009249778
Eu,-0.475804503,0.165418085,-0.098542926,-0.172636996,0.094932213,0.081156035,0.053194326,-0.080694808,-0.152503854,-0.031296033,-0.006568447,-0.009087907,-0.197867392,-0.270496618,-0.01449099,0.004708727,0.010224135,-0.036105401,-0.056246291,0.1263522,0.00200521,-0.056898725,0.016019478,0.002310252,0.003671932,0.128559267,-0.151402839,-0.033104681,0.191480486,-0.035166732,-0.092385212,-0.131083574,0.022441442,0.026621471,0.18611467,-0.086890965,-0.00172358,0.009210701,0.230026108,-0.021533168,-0.027942182,0.019570735,0.283264216,-0.184963327,0.018270833,0.186261037,0.085393942,0.191025887,0.009099753,-0.003060592,0.246840332,0.037396491,0.010161079,0.072952987,0.114959957,0.040982085,-0.105156036,0.014694071,0.006931882,-0.000374007,-0.042362364,0.023149892,0.014649278,0.014956489,-0.076661335,-0.022448541,-0.039647317,-0.017367338,0.032030314,-0.00991026,0.008898811,-0.112784073,-0.075096554,-0.002865308,-0.008687894,0.017453616,0.003872167,0.007923733,-0.015075259,0.005255214
Gd,-0.58315181,0.322772445,0.107359411,0.031588262,-0.005357608,0.037100118,0.033071677,-0.019987313,-0.000141021,0.043416448,-0.002623733,-0.015423747,0.079571968,-0.027458256,0.024270887,0.017251957,-0.04513642,0.024201109,-0.028020219,-0.040694221,0.00678957,-0.007105726,0.058954813,-0.015734529,0.026819235,-0.004480833,0.015988107,0.009914359,-0.135837962,0.089872212,0.084359215,0.101680054,-0.055536463,0.008641788,0.075444073,0.021565144,-0.084505803,-0.161246744,0.127731596,-0.082099622,-0.046240876,-0.014297048,-0.047647938,-0.060565642,-0.057667942,0.192407352,-0.071074968,-0.143603398,0.004313599,0.054935135,-0.051742938,-0.021911585,0.132035716,0.028460545,-0.137573272,-0.323984233,0.000908686,0.176680234,0.273368618,0.019052614,-0.219458541,0.037906264,-0.009409539,0.072537811,-0.104165538,0.027965808,-0.012184473,0.008657706,0.085688668,0.059242364,0.035328383,-0.021890507,0.023038312,-0.038063465,0.009073424,0.00644068,-0.000102756,0.011694325,-0.011866275,-0.006819568
Tb,-0.613548193,0.373091215,0.188497397,0.105977628,-0.043472958,0.020153237,0.023839589,0.026608987,0.068719552,0.1056629,-0.002858327,-0.006624989,0.132356662,-0.03005067,0.034023469,0.021424541,-0.034715481,0.01457499,-0.033462329,-0.018001309,0.034588158,-0.013498885,0.056357438,-0.019212952,0.003090563,0.001817473,-0.026334309,0.028377478,-0.11287339,0.071618852,0.094873224,-0.000671378,-0.069466036,0.040093067,0.023691279,0.021081138,-0.038554497,-0.092062116,0.015282566,-0.077614585,0.045261266,0.012353963,0.00339716,-0.011159271,0.00129221,0.03980374,0.005246923,-0.071835542,-0.065373781,0.013543524,0.022663953,-0.017112135,-0.060367443,-0.048106083,0.014529014,-0.044777086,0.021296926,-0.049880047,-0.061792437,-0.034553861,0.156331023,0.020805939,0.013868083,-0.0022577,-0.087739105,-0.102063696,0.068157103,-0.002050484,-0.069301027,-0.400814917,-0.215319033,-0.079311841,-0.061475035,0.106138565,-0.012167654,-0.026596709,0.004010349,0.147772195,0.062747654,-0.00938602
Dy,-0.641065263,0.371740618,0.213747459,0.14132033,-0.059999807,-0.036194455,-0.009822937,0.070038332,0.112103427,0.161247138,-0.013328315,-0.017797651,0.125442492,-0.063165653,0.009965715,0.033715074,-0.015250079,0.013990681,-0.029034814,-0.00344519,0.029233366,-0.020660891,0.037524164,-0.004148856,-0.007949814,0.002853584,-0.017203119,0.013358778,-0.086130079,0.048166726,0.061188533,0.015396985,-0.052868521,0.030567776,-0.018765914,0.028608682,-0.028035582,-0.059041841,0.000981281,-0.038249072,0.021589004,0.01032645,0.007138758,-0.006012735,0.009815441,0.020535628,0.005356327,-0.021515013,-0.060652901,-0.005634582,0.014206321,-0.006154826,-0.066894845,-0.042600487,0.038975416,0.065700476,0.014120335,-0.078328665,-0.115379596,-0.038255611,0.014104993,-0.049403462,-0.005171073,-0.005927992,-0.076960786,0.006667035,-0.036108782,-0.043780053,-0.046842897,-0.021056957,-0.010312234,-0.018554036,-0.056029398,-0.230577989,0.004584486,-0.093797588,0.002761382,-0.361629206,-0.191296412,-0.004710742
Ho,-0.639730949,0.351957684,0.218466928,0.163227361,-0.072934041,-0.066750323,-0.028067398,0.096767383,0.14622231,0.191959717,0.012662414,-0.021976898,0.102681053,-0.08544117,-0.021518423,0.02940364,0.01035513,0.00280087,-0.036995414,0.007610157,0.02057259,-0.019212692,0.034558291,0.002596285,-0.007670279,0.014232059,-0.003441852,0.008643556,-0.054896649,0.016361534,0.040799084,0.001248072,-0.012983811,0.025882099,-0.031814299,-0.006126046,-0.003117778,0.015465175,-0.001715773,-0.013551759,-0.004454739,-0.01639959,0.011327152,0.021253797,0.015677937,-0.074089893,-0.008004055,0.054526904,0.018054595,0.002634785,0.017584252,0.030061113,-0.029974902,0.006747868,0.057267169,0.048852473,0.005927757,-0.06721309,-0.07762057,-0.002940598,-0.005806006,-0.01524139,-0.0136068,0.013109161,-0.089758491,0.057167844,-0.069426596,-0.003885552,-0.010691631,0.165937729,0.099925254,-0.043089368,0.008186324,-0.123088995,0.01177758,-0.075924724,-0.006868125,0.037052314,0.419408717,-0.016484393
Er,-0.624953519,0.336210122,0.213344864,0.175024781,-0.083361276,-0.066424925,-0.034507592,0.114611913,0.173785647,0.168786949,-0.015952724,-0.008126858,0.10589597,-0.081838062,-0.013977702,0.034159772,0.010088187,-0.001270191,-0.02208913,0.005347926,0.026272474,-0.018373824,0.028805706,0.005342776,-0.014561138,0.019004079,-0.008639395,0.005437911,-0.051112968,-0.012906675,0.025362463,-0.010841812,-0.009319394,0.022185749,-0.079036364,0.002950639,0.018876487,0.046267827,-0.049889418,0.012103714,0.020297074,-0.03590138,0.027824736,0.018611497,0.018220597,-0.068547004,-0.012602233,0.058318142,0.031309138,-0.000243559,-0.010496655,-0.000626288,-0.01002479,-0.0002219,0.02250708,0.068803186,0.035269765,-0.043259657,-0.050653393,-0.015976097,0.047696563,-0.000769023,-0.001551329,0.016459897,-0.201000046,-3.52E-05,-0.088923574,0.051999577,-0.057492617,0.155662461,0.085299707,0.032267048,0.013465152,-0.021032736,-0.008098977,0.262691754,-0.007254637,0.250779391,-0.227043335,0.014151801
Tm,-0.602971505,0.298791181,0.20026594,0.163014454,-0.073000983,-0.095576046,-0.054680971,0.136136478,0.206016057,0.18485332,0.006063083,-0.01392107,0.057653016,-0.072746588,-0.033692716,0.00458013,0.021721214,-0.0188578,-0.030029047,0.03571866,0.018109527,0.010609407,-0.000869053,0.002947257,-0.001388687,0.034547001,0.017001893,-0.00581,0.086749834,-0.063116634,-0.059198417,-0.037306753,0.057662157,-0.005503816,-0.070595914,-0.034837792,0.033584017,0.11552869,-0.051557549,0.051984151,-0.017189213,-0.059485567,0.027154118,0.017732842,0.007143861,-0.12257967,-0.048571601,0.09890699,0.142202029,0.005460519,-0.024654701,-0.00448499,0.028747928,0.024827729,-0.035163928,0.028316989,-0.020209807,0.033280806,0.127187061,0.035498292,0.002520504,0.058699419,0.007405455,0.024723083,-0.071058343,0.050852968,-0.045792436,-0.004518432,0.073686457,0.015834018,0.02415873,0.024857675,0.011297981,0.384993547,-0.009664344,-0.218273726,0.012858865,-0.104676744,-0.060880547,-0.003941905
Yb,-0.518837297,0.215204415,0.094261643,0.015632149,0.029298391,-0.083179305,-0.066050875,0.041980184,-0.084053734,0.108789825,0.036720537,0.030022678,-0.155726194,-0.142451427,-0.045449558,-0.028959759,0.100688133,-0.04010623,0.097887758,0.041986167,-0.064950511,0.026156208,-0.009930717,-0.010521044,-0.017551231,0.131997256,-0.112802153,0.0216614,-0.011937789,-0.052502002,-0.091003577,-0.269848459,0.025042884,-0.034978505,0.42626246,-0.031230529,0.180042011,-0.009708209,-0.053653556,0.094724235,-0.047301416,0.12007615,-0.096412432,0.082429705,-0.004060158,-0.124248467,-0.050932859,-0.089147521,-0.079907013,-0.091290729,-0.059809857,0.07920792,-0.047170452,-0.003283744,-0.074184316,-0.231661497,0.125731133,0.004417042,-0.126844506,-0.09567423,0.023791137,-0.055478372,-0.028547231,-0.019874528,0.100853561,0.093681909,0.008526717,-0.041103266,-0.005561671,0.015517978,0.000193826,0.07775604,0.02715551,-0.005300714,0.000262469,-0.025742914,-0.002559638,0.032331798,-0.026147883,0.004239044
Lu,-0.573427814,0.217422631,0.161322246,0.164279599,-0.084995311,-0.118446433,-0.074328953,0.150360441,0.21431364,0.11692563,-0.014509979,0.000284325,-0.00126764,-0.029960415,-0.018212169,-0.018701465,0.005693494,-0.015363469,0.012807301,0.030876527,-0.0015035,0.007066464,-0.051669653,0.006272733,-0.005078565,-0.001420173,0.023840101,-0.036331067,0.235397553,-0.100305906,-0.108054249,-0.021584695,0.094235783,-0.038282949,-0.10778265,-0.031696646,0.052683542,0.172749978,-0.054810867,0.116587654,-0.025377531,-0.032561628,0.039047591,0.007235084,-0.024138412,-0.096276628,0.011152124,0.111318616,0.153107872,0.021481617,-0.05873073,0.033218242,0.098643012,0.084754041,-0.080489795,-0.052418778,-0.010424889,0.132594258,0.169389301,0.062281174,-0.010813023,0.038177757,0.025307834,-0.025844701,0.192144249,-0.091187424,0.15929965,0.055288471,-0.016865215,-0.145222998,-0.094006495,-0.018312065,-0.023890858,-0.231347182,0.005262655,0.107001407,-0.004766847,-0.018869538,0.026311643,-0.00305997
Hf,-0.408271245,-0.115622223,-0.153976345,0.167865047,-0.171504076,-0.099828231,-0.072757892,0.071202038,0.249273828,-0.387001098,-0.000965772,0.085058675,-0.213502023,0.198174438,-0.157880692,-0.00288019,0.041444496,-0.150054986,-0.051896941,0.134131911,0.093713227,0.171859652,-0.070985791,0.032356843,-0.022101006,-0.023423168,-0.021034566,0.051667191,-0.133122784,0.07272823,0.026809401,0.012370049,-0.099458585,0.030637061,0.027727038,-0.019450983,-0.0221484,-0.031191287,0.042072209,0.034779805,-0.060553962,-0.027782791,-0.008968271,-0.004620118,-0.060938249,-0.023117166,-0.03377934,0.065286887,0.093801791,-0.036610828,0.041374073,-0.015547794,0.023432095,0.013277873,0.088493404,0.04049116,0.011943065,-0.060159018,-0.009609404,0.010989683,-0.037295034,0.089764216,-0.029136446,0.051583513,0.017405838,0.331686777,-0.131833894,0.149345241,0.13095705,-0.152632878,-0.051058891,0.065238189,-0.023127688,-0.057386663,-0.00187672,0.030457834,-0.004232198,0.006086452,-0.002782697,-0.007616015
Ta,-0.354998331,-0.261000977,-0.307232334,0.261177156,-0.28428289,0.001027509,0.017648368,-0.046566145,-0.017485367,-0.178319501,-0.026968169,0.097500978,0.100753337,-0.112479424,-0.046555196,0.091215343,0.192743556,-0.003898999,-0.051951186,-0.1863036,-0.033022356,-0.134389882,0.210188622,0.040011654,-0.016235399,0.087158084,-0.018409601,0.063712138,0.008072179,-0.044926977,0.051633914,-0.007529757,0.062975229,0.028725618,-0.072357147,0.01202776,-0.021907923,-0.007600835,0.06031692,0.179768368,-0.019185745,-0.123973957,0.012041157,-0.021558827,-0.007724401,0.031730633,-0.061490517,-0.073741143,-0.092203183,-0.060326437,0.03071012,0.055626597,0.048400644,0.044031609,0.014695472,0.055386889,-0.000672311,-0.059807825,0.01979575,-0.101723541,0.006719263,0.033007603,0.088984761,-0.016276825,-0.093275536,0.184169046,0.387564764,-0.08769369,-0.018455385,0.063617054,-0.025438722,0.025469,-0.01902656,0.016450265,-0.014112254,0.001872768,0.002316821,-0.000258648,2.23E-05,-0.006386483
W,-0.279075133,-0.29135539,-0.29190322,0.25282587,-0.271780958,0.108669328,0.065173241,-0.046589923,-0.166611959,0.193543232,0.00026416,0.050991721,0.171033273,-0.070781521,0.143384157,-0.051781517,0.122257515,-0.021066861,-0.042909046,0.028276692,-0.113016267,0.056169407,-0.19248475,-0.024036017,0.035299736,0.009868853,0.036406758,0.158758795,0.029802587,-0.008659692,-0.171182891,0.030776955,-0.074500379,-0.012342791,-0.005207394,-0.11789353,-0.058607191,0.016496605,0.031749067,-0.1083963,0.007392507,0.060581576,-0.101373466,0.031555596,-0.050446514,0.035723249,-0.008772745,0.015998128,0.110576534,-0.031277157,-0.014326851,-0.125343429,0.090563182,-0.023079348,0.129588438,-0.040804201,0.05831851,-0.090063862,-0.015166608,-0.226384732,0.060014721,0.325648832,-0.141882193,0.13553284,0.057371893,-0.09292362,-0.011990241,-0.05399428,0.012690708,0.029288174,0.012836523,-0.01522651,0.016735901,-0.016077705,0.006280795,0.011514278,5.94E-05,-0.013271274,-0.003708695,-0.003370826
Re,-0.241885425,-0.283427924,-0.222656403,0.223010925,-0.221377112,0.203649403,0.069683077,-0.012962068,-0.139628188,0.261028376,-0.065564698,-0.044655097,0.009558912,0.051344678,0.110858907,-0.084860841,-0.007480634,-0.008556754,-0.050814191,0.160916049,0.019942884,0.163811577,-0.242928946,-0.005069129,-0.028217716,-0.041521739,0.01112858,-0.021554031,-0.096408996,0.062409564,0.067925802,0.015035184,-0.031725379,0.003406698,0.072933479,0.168384886,0.100290636,0.11564408,0.1075762,0.154226483,-0.100444905,-0.13222646,0.225387925,-0.044242175,0.090854237,-0.135218183,0.080278384,-0.030194374,-0.243394248,0.281785685,-0.122724029,-0.007531089,0.033437211,-0.070352377,0.030196064,0.015544535,0.033691165,0.079773472,-0.059123811,0.140883234,-0.058112241,0.015077654,-0.033573659,0.078898919,-0.014327421,0.016199164,0.04999658,-0.014456672,-0.003491676,-0.00697791,-0.003528607,0.007268853,0.004004769,0.015564776,-0.000531018,0.001304317,-0.00442788,-0.002286072,-0.001152624,-0.01047437
Os,-0.205805897,-0.330590808,0.074417583,0.123955776,0.022398534,0.352980922,0.08325838,0.029702052,-0.019426044,0.278473035,-0.155189517,-0.168963013,-0.195448888,0.247252684,0.091164723,-0.116044977,0.109785579,-0.060524061,-0.162379293,0.128151215,-0.007741134,-0.005234837,0.096255978,0.147148955,-0.063556118,0.014858414,-0.060515306,-0.040379398,-0.014914557,0.014896948,0.205034853,-0.012624919,0.20509927,-0.096715902,-0.018089171,-0.007887223,0.028177049,-0.033559733,0.036640732,0.020563954,-0.016846651,-0.032254055,0.04254672,-0.020275496,0.089568168,-0.038196088,0.005041527,-0.095646,0.057973747,-0.081420154,0.007181633,-0.096162823,0.020864956,-0.03662859,0.097496346,-0.055838411,-0.02739406,-0.063244713,0.166915766,-0.231487053,0.083032805,-0.037717243,0.201749563,-0.200024105,0.044500742,-0.0026796,-0.105570938,0.023855709,0.016697474,0.009386707,0.007914347,-0.006180332,0.00145292,-0.018489234,0.00483589,0.00136216,0.00234957,0.000257122,0.001869549,-0.00206211
Ir,-0.186493246,-0.35305983,0.272279826,0.076021228,0.225723607,0.433561403,-0.014079709,0.085750272,0.09280537,0.044729085,-0.064934238,-0.026619361,-0.141848777,0.080659087,-0.051199912,-0.025127248,0.198913009,-0.01839803,-0.043432226,-0.041966675,0.02537729,-0.095934383,0.155964209,-0.066955371,0.044044419,-0.023363115,0.053934588,0.019993374,0.036412733,-0.015384067,-0.104360088,0.038012794,-0.201717745,-0.007032592,0.033111628,0.050244412,-0.011637546,0.068881928,-0.015911499,0.020567009,0.047942371,0.01618804,-0.068682709,0.013505754,-0.031606041,0.024385004,-0.004198062,0.096709309,-0.08034755,0.086478677,-0.047837399,0.052131287,-0.064119318,0.025316292,0.139881114,-0.048639717,-0.131817748,-0.063438663,0.189713738,-0.058853967,0.109980609,-0.25063215,-0.298997814,0.153675664,0.008744494,0.02286138,0.047559835,0.024592836,-0.018374137,-0.001530142,0.01173521,0.007852241,-0.006041956,0.004787975,0.00113125,0.003640011,0.002532602,-0.000372735,-0.004184016,-0.001931163
Pt,-0.193809498,-0.361528893,0.275456943,0.041522723,0.265842552,0.308350534,-0.099483831,0.053594046,0.060737766,-0.131562709,0.060716549,0.154250088,0.107522541,-0.135283157,-0.05505172,0.069204807,0.096078558,0.047818895,0.031472764,-0.00542737,0.063189714,-0.05798724,-0.132395931,-0.166403585,0.150813868,0.010158092,0.005112696,-0.018084514,0.024448484,0.013067628,0.035085701,0.083670341,-0.015144586,-0.165918334,0.030991259,-0.033109821,0.038836871,-0.054613686,-0.046250006,-0.030037599,-0.058056787,-0.03995339,0.030682303,-0.027055939,-0.026135467,-0.052821466,0.057324196,-0.200009287,0.146853191,-0.056433825,0.040352736,0.159490996,-0.082398974,-0.1345323,0.240911091,0.101874342,0.127581345,0.364629724,-0.023782341,-0.026263627,0.013087415,0.029449618,0.058168017,-8.05E-05,-0.029354965,0.009099935,-4.38E-05,-0.011996899,0.006886313,0.006782069,-0.006777795,0.004380504,-0.006470479,-0.003616286,-0.001583793,-0.003701023,-0.003651809,-0.000838158,0.001735677,-0.004745085
Au,-0.16267202,-0.310483407,0.261398047,-0.003617147,0.222431344,0.007067423,-0.161087677,0.032036012,-0.088364434,-0.126921678,-0.005175824,0.247082108,0.211771716,-0.084781397,0.047226459,0.018917201,-0.036492702,-0.007661445,-0.183264658,0.113554931,0.076251851,0.122741864,-0.110816901,-0.19560462,0.124910239,0.007091111,-0.065238849,-0.162792897,-0.161984633,-0.128024625,0.11353035,-0.051465364,0.233310481,0.121980668,-0.091415761,-0.134556337,0.042934083,0.102577583,0.069150577,0.132846323,-0.091506998,0.169905451,-0.220466157,0.068933763,0.176795588,0.162110767,-0.158639566,0.143796881,-0.107901522,0.12135371,0.084496323,0.004495471,-0.018687897,-0.041310213,0.008261212,-0.017205488,0.021514217,-0.057646679,0.056768428,-0.008948793,-0.008589296,0.006244569,0.010222035,-0.013270803,0.020775506,-0.010625782,0.000714513,0.006031068,-0.004793159,-0.007841769,0.001321804,-0.007009023,-0.006176968,0.000468125,-0.000999324,0.00742111,0.000548034,-0.003720399,-0.000466787,-0.000628894
Hg,-0.22465513,-0.254141427,0.069542537,-0.071127758,0.07664252,-0.184150815,-0.117758399,0.020605132,-0.207193557,0.061772875,-0.233221529,0.131999639,0.04632547,0.067233912,0.10481046,-0.024117364,-0.198801298,-0.118176072,-0.131312922,0.049740386,0.198821383,0.169597622,0.282028541,-0.129146972,0.126245388,0.191477979,0.067665156,0.179504796,-0.078591623,-0.185553824,-0.269295478,0.198858576,0.140932361,-0.164402479,-0.004149315,0.215119878,-0.00136117,-0.162254405,-0.07226567,-0.100964895,-0.076182629,-0.008402496,0.094883062,-0.068048911,-0.002093006,-0.099311548,-0.014013625,0.080703652,-0.034279377,-0.075820048,-0.031066456,-0.004343624,-0.094336628,0.064391513,0.038949983,-0.060507529,-0.000211172,-0.035561991,-0.016475421,0.052003109,-0.022449767,0.034844319,0.019361184,-0.00108187,0.011744135,0.011482281,0.014515942,-0.010562608,-0.008050948,-0.000768655,-0.006068832,0.003466857,-0.000989454,-0.008330282,-0.002877717,0.000102165,-0.003158603,0.008787383,-0.003179987,-0.004756953
Tl,-0.310919562,-0.164174967,-0.086246434,-0.187336607,0.132106977,-0.175730688,-0.117585404,0.024912096,-0.072488318,0.01334834,-0.341161309,-0.019684951,0.116093321,0.11264597,0.121437762,0.190316125,0.082097398,-0.039115367,0.084939426,0.108081126,0.30550054,-0.093346833,0.036735685,0.035560157,-0.119077931,-0.101782789,-0.093188236,0.120057971,0.226572147,0.166710288,-0.014356184,0.133786174,0.017232607,0.046838957,0.1626253,-0.205731558,0.045094911,-0.061498037,-0.163408178,-0.008467832,0.051959254,-0.002324738,-0.023826787,-0.033195464,0.026176719,-0.021483933,-0.272946087,-0.087947236,-0.049576944,0.182273743,0.022690034,0.004733909,0.208563103,0.041851079,-0.00842679,0.099575937,-0.03530963,0.04475092,-0.04885561,-0.005196031,0.037110322,-0.016005942,-0.02106911,-0.022454557,-0.008155586,0.007065907,-0.033611617,-0.000275141,-0.026376689,0.005001987,0.002183343,-0.005868298,-0.037009479,0.005129401,-0.008315056,0.006238532,0.000305965,-0.004113896,0.009746019,0.009561075
Pb,-0.366348566,-0.143653195,-0.088604242,-0.152908099,0.104969673,-0.192702117,-0.044809382,-0.052010429,-0.060344071,0.032463948,-0.307136799,-0.181117585,-0.025989887,-0.149138554,-0.002985028,0.201428356,0.023379541,-0.015034273,0.051754738,0.076348704,0.180167674,-0.086753791,-0.033973988,0.150846541,-0.127118531,-0.150522786,0.385353751,-0.114945846,-0.053069239,0.064787249,-0.049221005,0.048921288,-0.056241214,0.006478585,0.058984044,-0.109280651,0.032225815,-0.030213137,0.02924943,0.062397858,-0.05491042,-0.152890887,-0.09888544,0.181524373,0.165456142,0.006123127,0.220860555,0.066991888,-0.006578529,-0.089288291,0.118476559,0.004608895,-0.215987723,-0.024111915,0.006597096,-0.035288548,0.091295335,-0.040427366,0.080928447,-0.019115001,-0.096214044,0.038132883,0.009544831,0.033168358,0.023660338,-0.0213279,0.038106157,-0.018588209,0.02065074,-0.015573658,0.001031126,-0.017798385,0.023848443,0.002719533,0.009704701,0.000597336,-0.000944582,0.013866928,-0.013079936,-0.029133276
Bi,-0.296492638,-0.237538907,0.142128472,-0.095327691,0.075211662,-0.112853171,0.172218722,-0.119185698,0.017712775,0.026137263,-0.353179075,-0.066777618,-0.03094901,-0.086126988,-0.287705576,0.035816012,-0.16048197,0.015851637,-0.238943648,-0.22551353,-0.144409716,0.163242116,-0.028997154,0.018517726,0.185284052,-0.084514656,-0.088095604,0.075726207,0.050466821,0.118607716,0.064538038,0.060913847,-0.070056624,-0.070957921,0.03186174,-0.125886539,-0.032036033,0.051591818,-0.007091611,0.063824468,0.03071903,0.003703161,-0.063430485,0.044228185,0.043660889,0.055341489,0.125336338,0.175881683,-0.087411775,-0.081152949,-0.200773273,-0.134375842,0.057639655,0.072951227,-0.01286051,-0.025201883,-0.132905942,0.204918237,-0.167017799,-0.082417074,0.04737833,-0.015460135,0.041923025,-0.032189839,-0.027529601,0.02010401,0.009506524,0.032163379,0.016894541,0.021644607,-0.028678343,0.01370458,0.005434689,0.013231829,0.007539699,-0.01522387,0.003973008,-0.000353535,0.002515692,0.002273745
Th,-0.522128916,0.20600202,-0.036897314,-0.009701461,-0.004119846,0.092857464,0.038857791,-0.042590037,0.028481306,-0.267887589,-0.107729385,0.048901969,-0.118415599,0.056011496,0.26078612,-0.093920943,-0.021968076,0.045438852,0.01909698,-0.047484125,-0.100266732,-0.033013585,-0.045303908,-0.011541851,0.006471494,0.004638268,0.011229411,0.039982229,-0.046381578,-0.042276426,-0.010077446,-0.125742194,-0.031360452,-0.027206603,-0.002041168,-0.031514077,0.064219603,-0.072724032,-0.188531062,-0.05370772,0.142338669,-0.145779483,0.112623344,-0.037371682,0.160781381,0.192534416,-0.120950943,0.099516439,0.16389911,0.196531035,-0.201742834,0.016268797,-0.268065531,-0.117619466,-0.09905316,0.041045957,-0.10427832,0.024592746,-0.016287797,-0.081105059,-0.021389636,0.045559914,0.025065606,-0.01305699,0.047368021,0.034852578,0.00875505,-0.147287088,0.05604389,0.014646405,-0.004045607,0.041194084,0.020371992,-0.021558941,0.002601639,0.009286764,-0.002535818,0.020036074,0.012738822,0.009192842
U,-0.485784553,0.129798791,-0.075036807,-0.000337513,-0.028586621,0.082959246,0.028924398,0.004300425,0.134597624,-0.239357986,-0.194953164,0.046180029,-0.075724476,0.038745981,0.36738092,-0.118215902,-0.092456137,0.065119553,0.05176548,-0.045504685,-0.104027807,-0.021283561,-0.062012086,-0.041108035,0.017198098,-0.014675646,0.056077907,0.021084316,-0.060202479,-0.034069086,0.000579992,-0.072931242,-0.03816481,-0.059844166,-0.074243117,0.043399309,0.070272185,0.102755078,-0.18245437,-0.01661718,0.125136426,0.14206314,-0.049586567,0.076725087,0.023678658,-0.145013743,0.120760976,-0.095821316,-0.238469054,-0.1068229,0.304374687,-0.027461273,0.092761691,0.028183938,-0.012936514,-0.041945995,-0.206023858,0.111398399,0.064012581,0.062204253,0.071122244,0.089713213,0.005359734,0.006698017,-0.046468395,0.045535863,-0.034197518,-0.060980216,0.041648811,0.024802512,0.009193897,-0.019472363,-0.019813736,-0.016339971,0.001347912,-0.000554976,0.003334538,-0.004073074,0.002588503,0.005114735
Np,-0.500116235,0.076420991,-0.164742689,-0.091366191,0.028649214,0.090984328,0.024333414,-0.012012357,0.096789802,-0.24910672,-0.240467824,0.030304463,-0.141348704,-0.055879186,0.333526379,-0.09991648,-0.093283009,0.103194515,0.046431632,-0.099837134,-0.134243879,-0.055680188,-0.002958431,-0.011311822,0.047082977,-0.00162948,0.013311586,-0.026299048,-0.000411638,0.003257211,0.0428252,0.008076877,0.070699894,-0.049141146,-0.017293957,0.032560477,0.010163659,0.065211849,-0.062389348,-0.005027932,-0.016014072,-0.045160036,-0.007023174,-0.033236945,0.013093661,0.116798421,0.064757766,0.06358391,0.036743753,-0.043966486,-0.108919814,0.022327261,0.218380788,0.133828718,0.136816874,0.010621923,0.392976525,-0.105298158,-0.032489605,0.011734656,-0.084020814,-0.151245832,-0.032342074,0.013137101,-0.033901513,-0.047851591,-0.028796669,0.094173634,-0.090647828,-0.026018307,-0.000477712,0.007996629,0.021470582,0.037315728,-0.00028444,-0.038592339,-0.005553647,-0.016929283,0.011100238,-0.011492327
Pu,-0.493312408,0.060145821,-0.125529847,-0.041128913,0.000796816,0.07225914,0.015273585,0.005575442,0.070390278,-0.16036486,-0.235959379,0.021771462,-0.092585842,-0.076776596,0.271818807,-0.067816312,-0.124329591,0.103235965,0.048081288,-0.064783484,-0.051121931,-0.039220214,-0.014654845,-0.034434126,0.024852224,-0.00821291,-0.045487693,-0.142506027,0.164413948,0.062508169,0.009678856,0.123985408,0.022119362,0.058250557,0.049316743,0.002627839,-0.154900057,-0.097660563,0.393452666,0.030359871,-0.228479621,0.058461546,-0.127838965,0.058522327,-0.153963396,-0.207371264,-0.073766013,-0.02019132,0.099480094,0.000713783,-0.100609877,0.001417226,-0.119571585,-0.110376684,-0.062004869,0.036705765,-0.103310071,-0.047511416,-0.014569212,0.086874761,0.142010239,-0.005077726,0.000908818,-0.023625662,0.019048104,-0.012710151,-0.003069118,-0.02073582,-0.027942086,0.033910742,0.023869997,0.043612646,-0.016940499,0.005175511,-0.009420765,0.009220965,0.007739913,0.006613798,-0.007268358,0.001386693
