,TPL1,TPL2,TPL3,TPL4,TPL5,TPL6,TPL7,TPL8,TPL9,TPL10,TPL11,TPL12,TPL13,TPL14,TPL15,TPL16,TPL17,TPL18,TPL19,TPL20,TPL21,TPL22,TPL23,TPL24,TPL25,TPL26,TPL27,TPL28,TPL29,TPL30,TPL31,TPL32,TPL33,TPL34,TPL35,TPL36,TPL37,TPL38,TPL39,TPL40,TPL41,TPL42,TPL43,TPL44,TPL45,TPL46,TPL47,TPL48,TPL49,TPL50,TPL51,TPL52,TPL53,TPL54,TPL55,TPL56,TPL57,TPL58,TPL59,TPL60,TPL61,TPL62,TPL63,TPL64,TPL65,TPL66,TPL67,TPL68,TPL69,TPL70,TPL71,TPL72,TPL73,TPL74,TPL75,TPL76,TPL77,TPL78,TPL79,TPL80
H,-0.118936275,0.093197509,0.133879589,0.049248014,-0.024432396,0.319500237,-0.022427983,0.18691012,-0.173274043,-0.171363325,0.118840401,-0.080048413,-0.474196449,0.207205258,0.25824282,-0.37045776,0.281800829,-0.105545026,-0.256099015,0.203347041,-0.061415391,0.121257505,0.03045289,0.005030678,-0.037646203,-0.036001909,-0.049561292,0.089336115,-0.106219071,0.04524186,0.0065091,0.0226277,-0.046439766,0.006065782,-0.045742078,0.013062951,-0.029599903,-0.016782861,-0.010792123,-0.006146314,-0.001417355,0.04552502,-0.020030269,-0.005728817,0.009539558,0.004125146,-0.019829371,-0.01586298,-0.023663664,0.011884347,0.026478693,0.022854089,-0.002417256,-0.032352508,0.022427444,0.021405982,0.013953717,-0.005675336,0.022155605,-0.027597098,-0.0189373,-0.004481517,-0.029786228,-0.036875604,0.029364714,0.010738705,-0.013135229,-0.062221069,-0.014355749,0.010036852,0.016831727,0.004887218,0.011814289,0.013942357,0.000902737,0.003084198,-0.005196015,0.004285378,-0.002813638,0.001347529
Li,-0.546502891,0.23958073,-0.019664866,0.116761539,-0.067837054,-0.137795435,-0.095006982,0.149341515,0.033751083,-0.034253493,0.004647458,0.028495032,-0.058829449,-0.000585032,-0.090256286,0.129848315,-0.079399957,0.049344884,-0.042874015,0.006860287,-0.025050554,0.067802376,0.236634176,-0.024565299,-0.276415581,0.124240728,-0.091733164,0.231185566,0.234202575,0.07537442,0.233741993,0.019397323,0.003408816,0.032336419,-0.013707051,0.186846147,0.034370373,0.20583293,0.103774646,-0.009215866,-0.043790201,-0.006737864,-0.042700598,-0.113654354,0.105062232,0.114330966,0.057105386,-0.016443294,-0.017632773,0.096441411,-0.06404466,0.107957635,-0.057518627,-0.064413443,-0.004871287,0.09477144,0.052530449,-0.039962426,0.020105454,-0.008249735,-0.024417818,-0.085008468,0.040921987,-0.002782379,0.041026523,-0.000882756,-0.071637,-0.021181729,-0.03522757,0.008128992,0.001252515,0.035109707,-0.007692232,0.012539099,-0.017511091,0.004474699,0.010744491,-0.010077309,-0.006816248,-0.002556175
Be,-0.420248015,0.284362304,0.045328885,-0.025274166,-0.023972092,0.020250091,0.039491251,0.179784994,-0.105219417,-0.436123387,-0.001896813,0.063831363,-0.178119622,-0.087023682,-0.08896554,0.219585841,-0.123228195,0.133406422,0.129294247,-0.049281141,-0.092917542,0.037636373,0.016448171,0.039194871,0.020612767,0.10678428,0.016611006,-0.046351466,-0.158159339,0.264461709,-0.144305097,0.11856524,-0.117861209,-0.137139711,0.003812615,-0.092276353,-0.031982465,-0.033535434,-0.164852456,0.168887359,0.042898612,-0.016095278,-0.09960895,0.012363812,-0.083896799,-0.005892219,0.104063547,-0.045382649,0.061326915,0.013897908,-0.05392916,0.120291004,0.073492771,-0.112805874,0.000679444,0.076897157,0.03242414,0.024931168,0.018797959,-0.039316452,-0.017460492,0.023745983,-0.005056096,-0.05399248,-0.016583918,0.001650198,0.025830764,0.068732969,0.019284274,-0.025055403,-0.021012362,0.008678552,-0.047029335,0.046397435,-0.001060134,0.010973187,0.002581205,-0.021020683,0.004386125,-0.002479718
B,-0.333651997,0.351842937,0.220947329,-0.306492207,0.018497508,-0.139101334,0.119948133,-0.081822054,-0.130609214,-0.140925662,-0.035490542,0.053170914,-0.246060351,-0.054342802,0.066898477,0.063394577,-0.007904867,0.095914843,0.327245403,-0.004355819,-0.094421348,0.120129403,-0.159656045,0.059585536,0.027062013,-0.002003675,0.039652379,0.174835369,0.003159237,-0.134118408,0.001050077,0.065013721,0.047417767,-0.057356462,-0.180088452,0.085982172,0.053220009,-0.02190857,0.014268825,-0.080526707,-0.156220917,0.024789499,0.098417021,-0.109519668,0.134711827,-0.032998668,-0.14719894,0.088414956,0.001103516,0.072044386,0.047738578,-0.011469599,0.132730533,0.114278178,-0.139166092,-0.141978451,0.008788279,-0.002564761,0.010315527,0.017656526,0.004558533,0.008810633,-0.023211778,0.01739688,-0.076378522,-0.019730253,-0.015045744,-0.037982922,0.001585198,0.004568375,-0.039385158,0.02234933,-0.037814441,0.044203107,-0.031753775,-0.000612778,-0.006472193,-0.007941966,-0.00143051,-0.000174348
C,-0.28653035,0.25158888,0.351984064,-0.188571318,-0.061375448,0.134124942,0.038375411,-0.090460295,-0.074862203,0.139934247,-0.025085843,0.122299754,-0.210670224,0.029022737,-0.224277049,-0.083613788,0.096391536,0.206276594,0.376155576,0.217939973,-0.122770527,0.053655629,-0.139930637,-0.107616639,-0.068360476,-0.023259754,0.001797937,-0.101425245,0.1362977,-0.052355467,0.074834314,-0.237574278,0.002397353,0.091787205,0.067419605,-0.060188907,-0.059644987,0.016751228,0.126661728,0.029701414,0.069482314,0.01347912,0.020871941,0.147845292,-0.124395998,-0.007063883,0.073181279,-0.071142216,-0.019021645,-0.006660797,0.001501852,0.034251528,-0.10489339,-0.004597711,0.042761549,0.111477411,0.014045416,-0.036551596,-0.035123561,-0.060617752,0.015694294,0.011182436,-0.041893015,0.00649486,0.046910631,0.024954502,0.020936799,0.004610391,0.014186634,-0.018679768,-0.014850514,0.006621036,-0.000241286,-0.005413392,0.030710524,0.00173726,0.022020693,-0.000127111,0.002274979,0.00045614
N,-0.409517379,0.227748762,0.486864796,0.018206339,-0.124383563,0.081056906,-0.02264716,-0.0517872,0.082947777,0.196017269,-0.019710919,0.040095199,0.08581121,0.026772567,-0.046908245,0.008874474,0.012669807,-0.066758235,0.022844362,0.049788463,-0.226006698,0.03155374,0.011435493,-0.064420705,-0.009120199,0.079420323,0.057530145,-0.142776822,-0.034971616,0.167559063,0.039424542,0.003665362,0.098197734,0.011836666,0.065845601,-0.019888407,0.210499754,-0.112244692,-0.085767605,-0.198819026,-0.094081735,0.021232543,0.051837542,-0.047251379,0.206693827,-0.088238634,-0.091892007,-0.068751015,0.097603705,-0.155939997,-0.038398994,-0.013107624,0.064839569,-0.175489766,0.085793463,0.053687964,-0.009061794,0.055472674,0.179819418,-0.069731355,0.00151133,-0.023782192,0.049518511,-0.03743625,0.006814437,-0.001243854,0.018811044,-0.044444204,-0.030753487,0.013661338,0.071205166,0.007178758,-0.016079912,0.010389026,-0.051501364,0.019247971,-0.015160359,0.016573515,-0.031456707,0.000368976
O,-0.440491137,0.224329582,0.517083035,0.055908339,-0.121597944,0.040845327,-0.064826943,0.021142598,0.088053286,0.152749865,0.023681006,0.020324454,0.096340011,-0.011961154,0.01459872,0.097680656,-0.049342668,-0.137076162,-0.110052661,-0.026209184,-0.227815417,0.021060228,-0.010593117,0.018329366,0.020714387,0.002556182,-0.029748951,0.032709599,-0.030216424,0.097509127,0.107192167,0.094920926,-0.001565178,-0.060447854,-0.044285469,-0.024885373,0.074923093,-0.041863152,-0.053451681,-0.097768199,-0.089682844,0.104024205,-0.045600965,0.038594533,-0.13819326,-0.061789193,0.0898051,-0.078410977,-0.002687941,0.035283157,0.089984639,-0.016071332,-0.034689704,0.051381102,-0.091405278,-0.065412898,0.153547912,-0.102329829,-0.125235446,0.151801651,0.031822113,0.109227232,-0.193447859,0.046534517,0.106497118,0.067616104,-0.057266452,0.013060926,-0.00102201,0.015485988,-0.074001684,0.022380131,0.048017901,0.016325317,0.13423293,-0.052238603,0.066161876,-0.041162949,0.026202913,-0.006534099
F,-0.409655392,0.28418113,0.368562883,0.139543572,-0.124359063,0.287880012,-0.111652054,0.197122813,-0.092580961,-0.235202339,0.087761678,-0.09988048,-0.045116433,-0.034686604,0.09217449,0.059967164,0.025014099,0.068354167,0.075778919,-0.024629905,0.029854412,-0.14612504,0.036333978,-0.020160428,-0.05995474,0.099915573,0.008036656,-0.10292265,-0.008619949,0.03131223,0.013214789,-0.060476495,0.102275076,0.049325463,0.08414619,0.025531078,0.040116748,-0.010623664,0.017375806,-0.041128889,0.040008795,-0.063038731,-0.019897225,0.020783211,0.120013633,-0.006287775,-0.072431902,0.117784584,-0.012107601,-0.058248217,-0.138302118,-0.098818165,-0.014714119,0.114184778,0.012159354,-0.009907856,-0.044784291,0.138335326,-0.160349648,0.169929685,0.002870315,0.056040796,0.112445278,0.162486698,0.067371658,0.052109634,-0.083646146,0.12387143,0.035177331,-0.025205293,-0.058836879,-0.009796337,0.041521132,-0.136161591,-0.02263268,0.021377978,0.002766265,0.018919304,0.004439896,-0.000845517
Na,-0.525680074,-0.103724275,0.11412984,0.301324403,0.175012237,-0.102605316,-0.112318329,0.013467921,0.033002117,0.176466464,0.018859753,-0.087923446,-0.182333768,0.017716199,-0.064974342,0.144489694,-0.008404671,-0.129347003,-0.024849547,-0.03374992,-0.040659969,0.01639304,-0.070145877,0.238702821,-0.074549963,0.243018343,-0.105021353,0.052931932,0.00619418,-0.058443198,0.072338581,-0.058512347,0.104197656,0.026971219,0.000803334,-0.080813332,-0.080624524,-0.013823412,0.02989843,0.064554326,-0.001462831,0.139507513,-0.18080309,0.105371975,-0.163936477,-0.145225697,-0.191295786,0.222439544,0.113985217,0.03434655,0.036459406,-0.043942808,0.001657502,-0.068431922,0.060213916,-0.049838078,-0.076613254,-0.012888355,0.04062999,-0.058238441,-0.015250678,-0.036686993,0.054689172,-0.004160744,-0.024377178,-0.008428961,0.043646352,0.032656206,0.041017963,-0.001166955,-0.015420621,-0.03841928,0.048784893,0.046013287,-0.019400355,-0.007126716,0.007017588,0.005304531,0.010031134,-0.004492379
Mg,-0.583419576,0.132249642,-0.179053628,0.268945093,-0.132567026,-0.045511005,-0.126980539,0.151424611,0.052158454,0.087826408,0.045284735,0.146096172,-0.152170702,0.01838067,-0.04084346,0.01031529,0.088349426,0.041932707,0.074426081,-0.117388725,0.094769136,-0.046855285,0.15046512,0.042187528,0.000414803,0.108153623,0.021805082,0.08527684,-0.102471225,0.107607229,0.018567904,-0.087483149,0.039345639,-0.054229195,-0.040762182,0.012166203,0.009486212,0.083130309,0.053007367,-0.05976262,0.079619691,-0.166681027,0.067923982,0.025662187,-0.014269116,0.05109438,0.039154127,-0.155780691,-0.014964578,-0.167609047,0.057069267,-0.219023794,-0.044286809,0.079757656,-0.000692568,-0.175807413,-0.057448271,0.047833715,0.043244441,-0.114548925,-0.086846691,0.044909135,-0.155142545,0.049492327,-0.032495517,-0.027978685,0.138107315,0.037798848,-0.05107796,0.038282357,-0.065736246,0.012419243,-0.026651099,0.090519612,-0.022622761,-0.049711776,0.000412753,0.003521085,-0.004896416,-0.001864905
Al,-0.601505807,0.246824475,-0.262804459,-0.022533411,-0.030595267,-0.19374871,-0.080006869,0.051489635,0.056557068,-0.100568401,0.087539755,0.038087282,0.048014246,-0.109081968,-0.009833854,-0.193306583,0.03075525,0.005970923,-0.028609544,0.00660539,-0.115733004,0.028557126,0.009737263,0.135301227,-0.096290518,0.000342206,-0.050401653,0.024654348,0.171908283,0.061791114,0.035792394,0.004392397,-0.051427325,-0.024080256,0.143522746,-0.036250077,0.040567997,0.009502993,-0.034643586,0.000164918,-0.002437619,0.020687341,0.163099178,0.09537096,-0.075194846,0.031179514,-0.014151713,0.006942093,-0.074845591,-0.023255322,0.09092158,-0.071165036,0.026102533,-0.038418675,0.04684224,-0.033948469,0.106824984,0.168456004,-0.026519519,0.072591876,0.074611256,0.063995483,0.001397718,-0.00105799,-0.30165339,0.074990458,-0.051926628,-0.006510857,0.132805403,-0.066624632,0.144942099,-0.072919912,-0.033263309,-0.000833184,0.052576855,0.034457426,-0.011791016,-0.003928901,0.002313928,-0.008063097
Si,-0.41030195,0.314540967,-0.050116258,-0.325582614,0.143495809,-0.272453892,0.125812781,-0.104547274,-0.003933497,-0.189743973,-0.002690792,-0.072896707,0.003445279,-0.039599324,0.064815148,-0.107011238,0.026453197,0.012825125,-0.111524332,-0.134534391,0.028882653,0.011728307,-0.122255205,0.094951702,0.083601542,0.117884922,-0.084699501,0.11355121,0.030969736,-0.030339028,0.245950672,-0.012832,-0.094139759,0.083650582,0.044389677,-0.214428267,0.128647156,-0.114081133,-0.015625972,-0.133725212,0.082277747,0.056277367,-0.023429212,0.011014871,-0.023056566,0.11724651,0.007347049,-0.149920955,0.049744501,-0.067393997,-0.230440125,0.024239167,-0.051964171,0.088989438,0.054792512,-0.008548818,-0.132729436,-0.045809549,-0.049545771,-0.007615226,0.094586364,0.007309405,0.044729654,-0.079116765,0.038355063,-0.016401018,0.036761169,0.006434545,-0.010571221,-0.010662739,-0.077156001,0.010810339,-0.02444262,0.024691585,-0.010562674,-0.011752397,0.022057178,0.001594158,0.004644341,0.004498944
P,-0.380819417,0.28296039,0.363683589,-0.286279824,0.024990869,-0.290936946,0.199717067,-0.16214146,-0.056339409,-0.063701977,-0.091687683,0.098819864,-0.168994853,-0.020458966,0.016329973,0.017421612,0.028655899,0.035938189,-0.188843941,-0.041101432,0.094451857,-0.151429279,0.130267816,0.043502771,0.012881802,0.042558902,0.051780167,-0.126240707,-0.035057617,0.013673513,-0.058905016,-0.072172586,0.02662457,0.129038025,-0.033072985,0.079987029,-0.039867906,0.047654354,0.032680871,-0.035439433,-0.116318598,0.042863366,0.067819203,0.000974097,-0.018962499,-0.002129247,-0.007866942,0.019756599,-0.04047237,0.034317944,0.020257787,0.037206426,0.003281993,-0.048073985,-0.027293078,0.016073331,-0.004509697,-0.020694736,-0.040866335,-0.018964457,-0.013495912,0.046848678,-0.053520989,-0.058638881,-0.034279115,-0.042125329,0.094766103,0.23064273,-0.138238016,0.076876819,0.192265325,-0.038382626,0.129726099,-0.084442933,0.026152359,0.021687363,0.093226399,0.00152531,0.006587158,-0.008533858
S,-0.404779398,0.305857587,0.547854113,-0.151553189,-0.116309401,-0.111045655,0.034602136,-0.108675782,0.039329925,0.17061621,-0.026480624,0.10835876,0.007653279,0.004903499,-0.072348145,-0.027436184,-0.039498529,-0.040484754,-0.123161062,0.005464805,-0.090662287,0.102623513,0.088351543,-0.013743404,0.071552746,-0.057302944,-0.006035775,0.115387376,-0.093692381,0.06597217,-0.014781558,0.042663818,0.06025522,-0.015712416,0.025077886,-0.014831023,-0.041253322,-0.012865656,0.04512825,0.023944802,0.169594656,-0.095407798,-0.022590862,0.010578263,0.012915629,0.036098732,0.023351367,0.048242891,-0.05925521,0.082768247,0.029424618,0.090916469,0.016709923,0.083989794,-0.014769466,-0.009463233,-0.064843077,0.008700162,-0.025669235,-0.027177395,-0.014868987,0.024685286,0.084000297,0.003477836,-0.028390685,-0.03081839,0.037275822,0.058281164,0.063495617,-0.00793611,-0.001594873,-0.023958647,0.029817103,-0.053822035,0.0355529,-0.085346904,-0.359224827,0.057612369,0.015846515,0.022015086
Cl,-0.404717268,0.261013163,0.525472798,0.073558166,-0.173649538,0.226274171,-0.129560553,0.13121393,0.052367795,-0.026081277,0.107937964,-0.015449746,0.189680461,-0.054973046,0.08722711,-0.009757666,-0.059573088,0.036337158,-0.042757728,-0.065033782,0.089667091,-0.021772844,-0.031588516,0.070484787,0.056009993,0.018484141,-0.039737722,0.024576198,0.068310334,-0.019812312,-0.018671861,-0.044504343,-0.087326916,0.026075521,-0.015348431,-0.093835435,-0.013083818,0.076234634,0.024078197,0.071393824,0.004728288,0.016123781,0.055365801,0.051649541,0.003511273,0.002761995,-0.016047146,0.012438493,0.046633316,0.053203154,-0.000991766,-0.004767138,0.042342086,0.160913989,-0.029468595,0.06485528,0.113642634,-0.171869835,0.054735921,-0.033892286,0.031305225,0.00371244,-0.141253885,-0.07059972,-0.009416714,0.004452861,0.062982004,-0.027220521,0.034404771,0.010539772,0.069545364,-0.060411833,-0.00265567,-0.006735036,-0.269923368,0.174560596,-0.039489977,0.058142121,-0.044715319,-0.004573391
K,-0.394267361,-0.179303537,0.213783032,0.332370234,0.429704902,-0.054727706,-0.137671243,-0.201704575,-0.039489894,-0.080151022,-0.01969975,0.128073628,0.01803108,0.07944501,0.062670931,-0.010819242,0.045989117,-0.121295304,0.009478781,-0.069604102,-0.076501347,0.066336464,-0.050185452,-0.01661198,0.025616507,0.075059357,-0.024864477,0.039999678,0.029206677,-0.057791257,-0.064839945,-0.156925214,0.168602983,0.107643992,0.071323316,0.106225822,-0.065337336,0.03278203,-0.276126704,0.105707799,-0.01787033,0.000676268,0.034383694,0.022093488,-0.001013349,0.115095658,0.052194396,-0.044665599,0.005459762,-0.012649006,-0.046755128,0.011805167,0.023270232,-0.003663733,-0.026878025,-0.00572535,-0.005615311,-0.103395866,0.020701691,0.013983881,-0.012956767,0.070388032,-0.031375759,0.007679476,-0.079345688,0.012369222,0.006953874,-0.032557414,-0.056727304,-0.008637472,-0.018248823,0.168434903,-0.170533469,-0.193244145,-0.001658768,-0.005680827,-0.007180373,0.0071316,0.024252014,0.002637844
Ca,-0.526386675,-0.261321071,0.144526046,0.203121357,0.100556719,0.017393035,-0.043758127,0.005915749,0.053928893,0.171653391,0.042456996,-0.121987157,-0.245433777,-0.143929008,-0.014002544,-0.065686802,-0.132144015,-0.039727064,0.026935684,-0.124018513,0.036551315,0.033016879,0.028429959,0.022375836,0.05646821,0.180381692,0.100667721,-0.072661217,0.016261344,-0.100417513,-0.060270444,0.166314382,0.091113146,0.008222376,0.193685272,-0.053033176,-0.105038618,-0.235650091,0.205803274,0.083536772,-0.098112508,-0.092116303,0.063191134,-0.086049846,0.028313282,0.074389437,0.078706897,-0.037847319,-0.112514321,0.04941111,-0.009084731,0.009875092,-0.007441928,0.023895293,-0.022731365,0.001437265,0.077283957,0.133946193,0.003999365,-0.003480386,0.125298398,-0.066155862,-0.063774432,-0.152689597,0.086274368,-0.002001522,-0.038856431,-0.036016622,-0.038464336,0.034782627,-0.012391954,0.012073911,-0.0544445,-0.026263443,0.017134924,0.028231033,-1.68E-06,-0.004973624,0.004856953,0.002845832
Sc,-0.498122893,-0.265722825,-0.164900932,0.093827105,-0.232599803,0.036620535,-0.035060198,-0.214511548,0.070565813,0.012661337,0.127281344,0.139796679,-0.004896415,-0.159808809,0.013129984,-0.089689971,-0.046396642,0.019829883,-0.020203801,0.145243402,-0.049141098,-0.192882104,-0.076875254,0.058873977,-0.172501547,0.076245757,0.136117582,0.012298277,-0.105975202,-0.126712993,-0.042455657,-0.116505957,0.061104022,-0.172560705,-0.150511397,-0.106088578,-0.089793959,0.076337847,-0.011776029,-0.146272182,-0.019391228,0.014560089,-0.187613457,-0.19915657,-0.056470304,0.109533316,0.061285668,-0.066383679,-0.001261994,0.075503168,-0.038080161,-0.023808011,0.142475746,0.080070093,0.14027547,0.083161221,0.039330247,0.020028402,0.044907895,0.065883169,0.013726497,0.070484232,0.062205547,-0.028348389,-0.016594175,0.083607323,0.057905081,-0.035799712,-0.004389947,0.047605816,0.023958817,0.001995926,0.014764029,-0.028838039,0.023091133,0.003991266,-0.014032151,-0.008332359,-0.022027329,0.006808139
Ti,-0.5349418,-0.027585404,-0.182316705,0.199932335,-0.199854931,0.052584525,0.167334024,-0.193931045,-0.06910481,0.023020804,0.269534062,0.037003268,0.022209994,-0.054855061,-0.012455813,0.044305041,0.092232825,-0.029307989,-0.068702654,0.025102802,0.09576029,0.051052937,0.024282023,-0.036360694,-0.103108787,-0.059186577,-0.031618236,0.03132835,0.047556424,0.0571116,0.068024224,-0.124924152,0.144900315,-0.103673279,-0.113497483,-0.169287256,0.102748351,-0.113277293,-0.080824133,0.068482366,-0.038876788,-0.253756795,0.293956476,-0.095805501,-0.188154444,-0.08801272,-0.044054064,0.090867463,0.04395043,0.024729631,-0.045574578,0.124997145,-0.000980307,-0.064760852,-0.052401545,0.010993794,-0.031446835,-0.024919863,-0.060265245,0.054210542,-0.028274042,-0.081670697,-0.004192488,-0.025755573,0.047864713,-0.053117736,-0.011554854,0.011225026,-0.00228916,-0.032383821,-0.015520046,0.013406635,0.024212835,-0.012517533,-0.028828983,-0.01316461,0.022204906,-0.026319165,0.001688614,0.01312852
V,-0.521469589,0.163541381,-0.129898228,0.261917559,-0.208587084,-0.208235229,0.111936023,0.053609742,-0.122047672,-0.041525505,-0.101320917,0.063043716,0.016507459,-0.050595632,0.170591941,0.07158278,-0.067321068,0.062837832,-0.143243992,0.077448217,0.000643033,0.164230982,-0.02038536,-0.063841096,-0.003689195,-0.162580211,-0.020463992,0.004059569,0.042250732,-0.083313821,-0.04112212,-0.082085733,0.158896927,0.096569355,-0.025177733,-0.052576211,0.112715875,-0.10942795,0.09398551,0.110510764,-0.100750712,-0.038529799,-0.2090541,0.06039211,0.084795236,-0.248757074,0.175408068,-0.043078523,-0.058777783,-0.02095991,-0.111327896,-0.065821776,-0.049536846,0.123097249,0.018296255,0.012749314,0.093831305,0.00441066,0.072109977,-0.031441528,-0.09623156,0.055817951,0.059298751,-0.045156911,-0.104952516,-0.05315164,-0.007592108,0.027511932,0.022428139,-0.018162252,-0.024404551,-0.011055964,-0.021044742,0.026858074,0.014086029,0.005011901,0.034730051,-0.016736943,0.004549835,-0.003554456
Cr,-0.523997234,0.155782077,-0.095045431,0.248733971,-0.205560959,-0.174394087,0.039454556,0.021720123,-0.07299201,-0.041578769,-0.12319207,0.099513547,0.023331183,-0.162294552,0.210954889,0.053798738,-0.081594094,0.0948482,-0.095498115,0.150714138,-0.088319249,-0.036340705,-0.203901582,0.036212324,-0.122792333,-0.154893361,0.094762336,-0.057792494,0.050710841,0.076634259,-0.104985755,-0.019578705,-0.043922829,-0.055183185,0.222570725,-0.089128099,0.108768974,-0.002383843,-0.004754564,0.047679386,0.035148487,0.035948063,-0.033602614,0.029070719,0.100246323,0.242741318,-0.130906911,0.131444076,-0.023968527,0.043715046,0.121871315,-0.007434524,-0.118219562,-0.041717397,0.016164885,-0.091186096,-0.065009305,-0.065320448,-0.064154917,-0.034477683,-0.031425566,-0.093531127,-0.068879999,0.004221461,0.080428224,-0.006412826,0.048414413,-0.044524461,-0.075892064,0.059100738,-0.019360128,0.027950054,-0.004933676,0.00431622,-0.010403378,-0.046364139,0.006732311,0.006087019,0.009989096,-0.014884964
Mn,-0.58159198,0.173483157,-0.211956093,0.249246576,-0.119329934,-0.068037421,-0.067138346,0.137988033,0.024234327,0.191680599,-0.105337918,0.176431192,-0.072267406,0.008306225,0.038088259,0.005564107,0.088517653,0.07362978,0.039632113,-0.019678447,0.156880779,-0.022629147,-0.06154543,-0.005292944,0.043345941,-0.064469465,-0.027047259,-0.052987829,-0.04486479,-0.025321052,-0.034359125,0.112174039,0.051930229,0.003798744,-0.088109555,0.052409244,0.089919672,-0.047302398,0.054492765,-0.013713583,0.140632566,0.107443161,0.029478649,-0.007751766,-0.073972521,0.128411117,-0.113119135,-0.126659559,0.079887261,0.127048956,-0.080386633,0.023141657,-0.050025496,-0.130474351,-0.194240089,-0.042545986,0.028141058,0.001882197,0.114662526,-0.029762349,-0.003876453,0.22247819,0.096664157,-0.043622154,0.070573879,0.000833605,-0.073320314,-0.009969675,0.111750051,-0.058510315,0.012000157,-0.069824843,0.032441004,-0.128961289,-0.010207313,0.031944974,0.033545089,-0.010415381,-0.017820482,0.006545092
Fe,-0.548920831,0.213152927,-0.281949352,0.188772463,-0.078305748,-0.083948148,-0.067010669,0.10364104,-0.04270461,0.190215516,-0.1643136,0.130057169,0.029137811,-0.03757447,0.133669696,0.00451979,0.052587703,0.08521912,-0.000691623,-0.076224331,-0.01452168,-0.05577706,-0.10273126,0.081798961,0.026770159,-0.165135503,-0.092219878,0.067814737,-0.077509724,0.046382469,-0.002045124,0.028306482,-0.048793863,0.10867567,0.003389501,0.136127701,-0.130084831,-0.077555786,0.06219762,-0.000399332,0.028698752,-0.007573824,0.088021697,0.030912638,-0.024824992,-0.142906037,-0.075054407,-0.11235305,0.043044903,0.122293557,-0.11439434,0.0118527,0.223260841,-0.04364173,0.175314407,0.099133473,-0.05139832,0.022058789,-0.087040524,0.022642599,0.082588614,-0.078830125,-0.088170254,0.120786746,0.046189347,0.079693942,-0.053091941,0.055285722,-0.096318915,-0.010267461,0.033184373,0.096204372,-0.049498889,0.071489759,-0.007504911,0.01624852,-0.03941961,0.015410348,0.002249243,0.0049126
Co,-0.579934972,0.267361367,-0.263457996,0.047000214,-0.004907978,0.049260635,-0.06578067,0.088460596,-0.036718095,0.185286367,-0.121030957,0.212697341,-0.090029431,0.04523914,0.140526574,0.103724278,0.0034586,0.037153827,0.130260208,-0.087205531,-0.000308854,-0.053595507,0.010313852,-0.014362319,0.095085163,0.046973578,0.010219753,-0.006399493,-0.154963409,0.046035898,0.10560226,0.061313157,-0.115752176,0.057329525,-0.027927435,0.051663158,-0.071331759,-0.033873635,-0.136725034,-0.042414803,-0.050677142,-0.008165205,0.014414961,-0.038889073,-0.008131184,-0.037309863,0.042228809,0.069724879,0.014501934,-0.049428389,-0.009534224,0.011064505,-0.173588035,0.119729825,0.051651819,0.086935182,0.038663923,-0.015603893,-0.080889855,0.103231166,-0.027444986,-0.165024638,0.056841279,-0.057211374,-0.062387768,-0.092697697,0.116624346,-0.224070508,0.053375156,-0.024368509,0.096458329,-0.056066736,0.092492844,-0.113916605,0.047355877,-0.014081992,0.020832361,0.025976569,0.019951717,0.013558367
Ni,-0.564438381,0.181239031,-0.362457286,0.005763746,0.014919161,0.00336594,-0.101231864,0.016375284,0.002350246,0.185269692,0.109665964,0.207896116,-0.004354494,0.054922185,0.114872699,-0.091681959,0.034174681,-0.118250349,0.146557208,-0.002517469,0.083365948,-0.044676873,-0.057947118,0.035933766,0.151313272,-0.015482687,0.056487492,-0.022395651,-0.109848295,0.005017324,0.152630087,-0.050541266,-0.061853028,0.060787337,0.029104066,-0.077781535,-0.02105631,0.070391234,-0.023247033,-0.033536625,-0.025781608,-0.011432851,-0.074836306,-0.010778486,0.085427204,0.035778194,0.100415772,0.147898905,-0.044788711,-0.123937925,0.139444742,0.091925483,-0.021968152,-0.08247386,-0.079940856,0.047274298,0.053430952,-0.047921813,-0.010943342,0.094969904,0.006324779,0.028468591,0.09576559,-0.10711902,-0.02539236,0.013127524,-0.167327861,0.211878376,-0.056162978,0.03850886,-0.059633835,0.048836673,-0.056072323,0.126492604,-0.075701876,0.031495439,-0.034716112,-0.015009797,-0.001905288,-0.010610657
Cu,-0.514270874,0.341828458,-0.086975636,-0.114409942,0.03499813,-0.068142919,-0.071506301,0.124159369,0.100686597,-0.044327612,0.078365784,0.07480748,-0.05609373,0.147691471,-0.164844422,-0.006355793,-0.080370946,-0.077631374,-0.071903884,0.04405852,0.127574424,-0.052297496,0.022651452,-0.124282072,-0.121532168,-0.060646562,-0.050747567,-0.113155697,0.18846063,-0.059167493,-0.007461117,-0.078872141,-0.209326521,0.122423431,0.017148664,0.046301882,-0.090767969,-0.314851169,-0.156150882,-0.130794387,0.024974638,-0.151937428,-0.206494878,-0.113632541,0.00677244,-0.02776131,-0.10463532,-0.032029837,0.067437798,0.048646033,0.135379907,0.039582784,0.056358754,0.048073702,-0.074617474,-0.056600285,0.042282953,0.026952436,-0.017132616,-0.046888643,-0.025952234,-0.030245111,-0.045700801,0.030576241,-0.013548664,0.021514584,0.035450026,0.02740041,0.038351714,-0.002704243,-0.041958661,0.001234368,-0.044677068,-0.02611618,-0.015888779,0.004190226,0.001589935,0.008744869,-0.011750251,0.004919956
Zn,-0.587448529,0.292301013,-0.226894148,-0.01037108,-0.006086362,-0.150386723,-0.101106936,0.158333882,0.110874215,-0.105538172,0.078297591,0.10959253,-0.086768519,0.003853089,-0.073336043,-0.034778069,0.048554222,0.024387665,0.027525725,-0.12442503,-0.020005857,0.054413397,0.124492278,-0.019503163,0.065042703,-0.005287287,0.023097564,-0.026762568,0.096116018,-0.098569261,-0.135843496,-0.03117749,-0.011983024,-0.089779386,-0.013728557,-0.074034676,0.069135581,0.062944234,-0.066059481,0.00122467,0.037003708,-0.039175924,-0.009538974,0.0232021,0.071283195,-0.170789566,0.069199724,0.062856364,-0.168216613,-0.038382755,0.072960672,-0.024781444,0.067846242,-0.010451249,0.052502297,-0.045639104,-0.176894645,-0.217996425,0.067310723,-0.04654872,0.216924048,-0.003328106,0.042190318,0.017987296,0.143235276,0.107342548,-0.082343453,-0.080112766,0.018990835,0.038850261,0.050214852,-0.019221996,0.080735533,-0.080731065,0.067078827,0.021382306,0.01932846,0.00380047,-0.001273173,-0.009033366
Ga,-0.567017979,0.304189713,-0.226395865,-0.148500983,0.059160372,-0.171316821,-0.061248857,0.051741913,0.085725147,-0.098608041,0.077865277,-0.068182954,0.161024336,-0.114346613,0.020037054,-0.185880084,-0.020379818,-0.058000889,0.026831424,0.036474527,-0.153946242,0.070396816,-0.055751656,0.046120344,-0.053772801,-0.010915689,-0.03681417,-0.012811123,0.03354185,0.05161044,0.042839206,0.069431269,-0.055037678,0.008883049,0.045317581,0.11225818,-0.160090686,-0.007583727,0.008863921,0.077795463,-0.037194175,0.000116953,0.154443525,0.033546368,-0.03807452,-0.063011853,-0.005033432,0.001452826,-0.020279725,-0.020017413,0.112766189,-0.121525304,0.095580111,0.048284962,0.0096129,0.096315635,0.037105385,-0.00094848,0.079900514,0.034074282,-0.140306024,0.100586466,0.185030134,-0.039472012,0.221408525,-0.121953918,0.146398327,0.02782075,-0.030275204,0.051230624,-0.117317434,-0.029815005,0.005906585,-0.061267104,-0.025678146,-0.029376142,0.043034195,-0.007173505,0.00700201,0.018345145
Ge,-0.503108939,0.373114499,-0.122566523,-0.24191238,0.105665168,-0.185733206,0.01294822,-0.051020527,0.001014301,-0.14748473,0.078869929,-0.17744213,0.09578057,-0.060768182,0.139931888,-0.083801413,0.026089198,-0.012062877,0.063490607,-0.105327881,0.032055832,0.030883023,-0.163782194,-0.103034532,0.118136135,0.135840182,-0.035392655,-0.012222517,-0.064216193,-0.048531139,0.071625932,0.025385133,0.113319257,-0.005458392,-0.071484962,-0.052134909,0.030508981,0.005007639,0.067133769,0.022536248,0.129750087,-0.101563154,-0.099386171,-0.021663512,-0.048716603,0.030274096,0.037990578,0.01534345,0.047016826,0.005975949,0.09280728,-0.037901759,-0.045379529,-0.089367017,0.013600783,0.033717592,0.162048486,0.036513086,0.120567617,-0.059184742,-0.166551786,-0.133887989,-0.098420503,0.19024585,0.055615215,0.084541264,-0.101482832,-0.024951473,-0.051036137,-0.006170698,0.127431148,0.03937995,0.066997602,-0.078739338,0.029292654,0.00729943,-0.03340966,0.030186017,-0.003784698,0.010521573
As,-0.44095079,0.274511011,0.343973183,-0.205776481,0.05080895,-0.25343504,0.170487613,-0.186098703,-0.066766823,-0.016291409,-0.107347212,0.037803623,-0.086618495,-0.022943502,0.021543994,0.010915917,0.072096988,0.055078341,-0.17646779,-0.040945004,0.166911475,-0.229412507,0.113250579,0.052407098,-0.024106735,0.056821618,0.057954712,-0.188562985,-0.040891743,0.058623204,-0.060276065,-0.122991066,-0.041970214,0.079490564,-0.023855729,0.003175906,-0.05443014,0.090149465,0.018751273,0.043599917,-0.057160009,0.042170256,0.068393625,0.01940622,-0.003390128,-0.044804031,0.009905384,0.027098498,-0.017140175,0.00117388,0.015406351,-0.073655363,0.001695017,-0.068093217,-0.001731053,0.009078888,0.078089868,-0.003781144,0.058166948,0.076100592,-0.028766671,-0.029104491,0.013457994,0.037059578,0.066615829,0.040686767,-0.099746627,-0.216017082,0.139970152,-0.063798853,-0.165986766,0.018116359,-0.113163102,0.113443915,-0.023801954,-0.027055211,-0.057835148,-0.017115996,-0.004663884,0.003155782
Se,-0.404812865,0.303370131,0.529101651,-0.174024655,-0.085028278,-0.063625025,0.02244071,-0.105912786,0.03495801,0.194727745,0.011584275,0.087748166,0.060882379,0.021678275,-0.088219396,-0.090101376,-0.035188639,-0.067110536,-0.077811996,0.013363322,-0.04068538,0.084716262,0.086481989,-0.049230047,0.101035562,-0.058656455,-0.028422857,0.096159816,-0.133191622,0.04405309,-0.073834583,0.061877168,0.038424526,-0.060508867,0.020725818,-0.004127794,-0.057042032,0.023293847,0.038076453,0.035573166,0.223569418,-0.093371585,-0.05198398,0.00853977,0.005649542,0.068351559,-0.005346962,0.071163779,-0.014819145,0.065162658,0.030801537,0.028773922,0.033714452,0.070564863,0.03418715,-0.007156115,-0.072654498,0.063672755,-0.018639961,-0.006815657,-0.009477572,-0.061542821,0.1126084,0.058580316,-0.089021383,0.005911588,-0.039722506,-0.05503042,-0.007481155,-0.012186454,-0.027290184,0.028578402,-0.06263201,0.02360188,-0.05206508,0.066244685,0.321954012,-0.059609998,-0.017476873,-0.018584097
Br,-0.393086041,0.245755803,0.504951515,0.068725251,-0.130910661,0.272502419,-0.164651685,0.152002867,0.04927797,-0.045390188,0.134139873,-0.030864462,0.170427291,-0.015170797,0.098807295,-0.049968379,-0.030440626,0.105722921,0.014759164,-0.058074868,0.187398307,-0.035676268,-0.056059583,0.074067481,0.023186209,0.008706074,-0.029610575,-0.010286668,0.070468523,-0.085106647,-0.063572327,-0.038417369,-0.074071125,0.049909283,-0.004821864,-0.063204032,-0.07045986,0.067949666,0.038570636,0.039749551,0.014420128,-0.041010728,0.05184022,0.016194177,0.064163058,0.016664048,-0.100184916,-0.020552539,0.089341537,-0.021377492,-0.041888865,0.053915042,0.055998752,0.000537398,-0.055177497,0.008032564,0.050322221,-0.064929409,0.129401908,-0.016440144,0.018545424,-0.050364701,0.086697182,-0.057329543,-0.090310438,-0.053589045,0.011194433,-0.003525722,-0.074780133,0.004023684,0.019090556,0.039726505,0.001565843,0.079192015,0.272504801,-0.175888235,0.032896855,-0.045446701,0.065112156,0.008226764
Rb,-0.323418621,-0.124462602,0.238904793,0.328850783,0.490903205,-0.009275474,-0.136681513,-0.212903776,-0.050096088,-0.2042898,-0.078702793,0.236918306,0.130059431,0.117785512,0.046496841,-0.032330087,0.105811065,-0.069631919,0.062369519,-0.019372866,-0.040501898,0.002366317,-0.051345739,-0.07413382,0.027313533,-8.47E-06,0.06482616,0.060458109,0.080597223,0.01796711,-0.06443785,-0.017169203,0.0671547,0.037851217,0.016570378,0.034719433,-0.027837473,-0.029827902,-0.090823605,0.006395079,-0.017913891,-0.060698497,0.000549224,0.01379696,0.021031071,0.092764202,0.009040021,-0.072742648,-0.04796888,0.081348717,-0.041974653,0.008217231,0.010169916,0.048214837,0.013409876,-0.007039579,0.024402323,0.071486164,0.027079728,0.00014663,0.010213935,-0.071319571,0.01988499,0.023607878,0.097337498,-0.014887495,-0.033611341,0.033441829,0.063120459,0.003791291,0.013837956,-0.217296478,0.197362095,0.230691245,-0.003045397,0.007319186,0.0095708,-0.034818083,-0.01167433,-0.008963098
Sr,-0.450619006,-0.313474585,0.194725606,0.199596734,0.306698547,0.005229315,-0.023530899,-0.057972217,-0.017423904,0.096870245,0.044883837,-0.140534379,-0.213117573,-0.198812519,-0.03753796,-0.164757106,-0.258761054,0.070096189,0.000536812,-0.06669068,0.050904682,0.026456853,-0.002550676,-0.027061585,-0.029831805,-0.091663335,-0.117230101,-0.08741142,-0.078423171,-0.066137187,0.045919567,0.035307471,-0.033808089,-0.081875581,0.076475642,-0.012281426,0.017781237,-0.016960028,0.007550685,-0.005771647,-0.030426494,-0.018434409,0.013001392,-0.091878679,0.068168415,0.004329599,-0.009196199,-0.125145035,-0.025159242,-0.080681791,0.009546647,-0.010383293,0.026096724,-0.10605513,-0.048099215,0.092612842,-0.072869798,-0.237860233,-0.124440361,0.039969559,-0.134755584,0.054736145,0.04738992,0.193855313,-0.100082429,-0.068616551,0.010437293,-0.009068747,0.090769966,0.032985021,0.042267339,-0.042461688,0.043693385,0.085233637,-0.003205186,0.028799084,0.00128803,0.01619963,-0.001967629,0.001925027
Y,-0.523392123,-0.531857214,0.005771907,-0.143027886,-0.155367915,-0.021721669,-0.186876311,-0.077889639,-0.05755814,-0.016959234,-0.045169664,-0.032906893,-0.029486882,0.03743882,0.017853957,0.032395969,0.028271268,-0.013246663,-0.024468693,-0.034793944,-0.044087787,0.008843114,0.004972916,0.044467634,-0.003540906,-0.016923348,-0.042822391,-0.0729795,-0.028202695,-0.017748042,0.00785495,-0.032112836,-0.068744608,-0.084438577,0.021391797,-0.009569466,-0.04005311,0.001422733,0.02012547,-0.074091265,-0.095510342,-0.04723283,-0.008381502,-0.000706575,0.029913626,0.070723008,0.078497172,0.038398498,0.067243548,0.02389378,0.0511069,-0.025851888,0.013643534,0.022102635,0.101519058,-0.03610913,0.056379285,-0.047668123,-0.01833654,-0.152009583,0.097019761,0.062637894,0.010759349,0.090683772,0.024198793,-0.231745507,-0.100812994,0.015586472,-0.098119782,-0.341993267,0.009142565,-0.038602224,0.024794218,-0.043359171,-0.051699266,-0.020913486,-0.013462571,-0.100022366,0.069762687,-0.025670972
Zr,-0.499826935,-0.22538752,-0.103487615,0.123879683,-0.128649258,0.102397996,0.224121954,-0.287792588,0.036787707,-0.012077898,0.395172787,0.033319154,-0.053601358,-0.163880237,-0.044125778,0.174679486,0.156598733,-0.065942405,-0.015860195,-0.030313887,0.008661381,0.060094235,-0.008308649,-0.05281937,0.104938177,-0.019430172,-0.088529426,-0.039877631,0.017844834,0.024204678,-0.004845518,0.069418633,-0.087522495,0.035686376,0.024143785,0.118550879,-0.029421899,0.03026186,0.007685963,-0.000499542,-0.036530456,0.082209517,-0.045359574,0.045844012,0.064009548,0.016825366,-0.025595126,-0.008462623,0.012662336,-0.026180082,-0.020809396,-0.035713307,-0.046416062,0.104051576,-0.035509089,-0.038094848,0.011875602,-0.01024562,-0.086723905,-0.098332114,-0.053657713,0.003730914,0.103089722,-0.001854254,0.135519836,0.160319538,0.054365458,0.00810356,0.036608304,-0.064698066,0.214470202,-0.02027016,-0.166528817,0.083949924,0.016135601,-0.033399237,-0.004827492,-0.029179517,0.029823393,0.013885566
Nb,-0.463521843,-0.02970683,-0.117036125,0.264335792,-0.209924984,-0.011180088,0.291190244,-0.17393003,-0.141262211,-0.030722589,0.099662013,-0.130927414,0.078733669,0.388963187,-0.069864535,-0.115108381,-0.143592818,0.170498718,0.002995412,-0.154922965,-0.066567629,0.010909364,0.014952836,0.121593943,-0.003907625,-0.01822927,0.064234468,0.050163325,-0.040040137,0.035959921,-0.005274392,-0.008572273,-0.031581564,0.022082805,0.000921946,0.007224331,-0.003562683,-0.038122959,-0.028203507,0.017711269,-0.070581424,-0.004089702,-0.046898245,0.009437488,-0.009625275,0.024080521,-0.019704884,0.016953831,0.026354939,0.058031628,0.088393752,-0.070185732,-0.149377229,0.036536105,-0.146228794,0.191774585,-0.058013233,0.076577668,0.106858582,0.027606229,0.184616923,0.080440184,0.026033674,0.153202712,0.005785994,-0.008013866,0.048582366,-0.02174058,-0.043343663,0.034049273,0.037750893,0.076658512,0.016084206,0.055079496,-0.013469452,0.002785413,-0.012303601,0.004454626,-0.009604164,0.011328366
Mo,-0.475497888,0.171884412,-0.034604516,0.276909995,-0.223803315,-0.118584374,0.156894995,0.072741696,-0.226701796,-0.118517012,-0.252574408,-0.071232335,0.047874821,-0.092440093,-0.009164225,0.046747506,-0.111461138,-0.237030343,-0.037578074,0.104266558,0.026327022,0.110277006,0.027836897,-0.093243913,0.110568463,0.068011294,1.36E-05,0.028420944,0.059890788,-0.135588708,-0.052205045,-0.050688017,0.02049809,-0.001307003,-0.087218208,-0.014973185,-0.146531783,0.122758998,0.068689082,-0.037716355,-0.019984281,-0.02423737,0.015532921,0.071311225,0.005963543,0.047801471,-0.072046079,-0.106911993,0.16341602,-0.273790514,0.138243312,0.174205267,0.059232097,0.00755019,-0.021590954,0.060781527,-0.061626084,0.103617451,-0.091348582,0.028456694,0.067335136,0.047551365,-0.027166639,-0.003891518,0.046146667,0.008663476,-0.012696533,-0.068834143,0.028038262,-0.011336655,0.014185943,-0.033684567,0.021705087,-0.009158686,0.007883386,0.022772756,-0.006876785,0.006181223,-0.001332708,-0.003910266
Ru,-0.495022014,0.213174087,-0.246050654,-0.109761716,0.134125935,0.360395205,0.08685713,-0.123137213,-0.163764187,0.140564962,-0.213708339,-0.028794354,0.054715689,-0.119255522,-0.007282003,0.000136985,0.04181862,0.018798611,-0.102700568,-0.094865177,-0.084254244,0.024036855,-0.035662659,0.061259558,-0.072547577,0.005808524,-0.016103754,-0.08587464,0.047252485,0.03128166,0.011109975,0.18280451,0.008599862,0.085455781,-0.122697802,-0.029921699,-0.039741888,0.070178114,-0.065746153,0.02931182,-0.088526652,-0.100249903,0.044498847,-0.102358561,0.040841968,0.05625081,-0.061794417,0.056402099,-0.015079152,-0.016914521,0.04183464,-0.017422638,-0.0911063,0.10875194,0.086974952,0.123193325,-0.082417547,-0.03930509,0.062008304,-0.203110587,-0.029485642,0.035178542,-0.087153853,-0.016547227,-0.054539709,0.12531056,-0.071995183,0.12652735,0.113132884,-0.010504022,-0.134266032,-0.059091634,-0.019755112,-0.04705626,0.083844948,0.008959427,0.035431357,0.015869884,-0.017288638,-0.010168555
Rh,-0.487813732,0.179978572,-0.350856253,-0.201389947,0.169636864,0.265293625,-0.022275756,-0.100531879,-0.062975222,0.143092299,-0.049467276,0.063435153,0.04288754,-0.011265334,0.16426513,-0.001542481,-0.108256573,0.119615235,-0.143560435,0.086415401,0.026438076,0.079602086,0.040371058,-0.095452865,0.08197009,0.140077536,0.000994165,0.109635193,-0.016591349,-0.04456746,-0.053050579,-0.149130516,-0.008657556,-0.134556113,0.105379525,0.062190771,0.062214473,0.021494556,0.044964263,-0.024080251,-0.014881879,0.125132346,0.000352967,-0.012002787,-0.001868548,-0.025682549,0.044710291,0.005227317,-0.038025448,-0.029636678,-0.012832726,0.043584518,0.082473555,-0.07937634,-0.116519881,-0.029527154,0.067165997,0.025665654,0.057298906,0.014112708,0.127338392,-0.153838093,-0.019843248,0.116341454,0.044548287,0.004908135,0.199659205,0.144064423,0.140911304,-0.097685843,-0.065220383,-0.031132611,-0.049600763,-0.038242244,0.004322085,-0.029992971,0.042795309,0.04086616,0.003317954,0.000235818
Pd,-0.483969844,0.203910911,-0.331234416,-0.229197635,0.16163829,0.116919791,-0.066172591,-0.000208097,0.03926631,0.01064623,0.15462649,0.140588123,0.02832947,-0.00225665,-0.022226339,-0.050788828,-0.181241553,-0.246184512,0.082852178,0.076952318,-0.043068681,-0.040368042,0.151037009,0.174382785,0.052424069,-0.149967856,0.000671494,-0.06359059,-0.006425773,-0.012849963,0.037816662,-0.021419154,0.017171166,0.084261315,0.000394967,-0.164070348,-0.023263306,0.099935997,0.008006298,0.04425209,-0.04635702,0.032506412,-0.029283461,0.037494891,0.090986183,-0.016430646,-0.039340497,0.089308394,-0.078356122,0.035339686,-0.234286878,0.104506002,0.025129895,-0.044946764,-0.093589387,-0.007081986,0.02609641,0.142427379,-0.039792216,-0.13215966,-0.040067931,0.107141961,-0.134265391,0.132744044,0.045204292,-0.049094811,0.053618025,-0.132142217,-0.046705575,0.045267508,-0.001785172,-0.023432085,0.010592022,-0.00952554,0.022376749,-0.010355184,0.003317917,-0.004423761,-0.001138409,-0.001102764
Ag,-0.449410488,0.1943154,-0.093511166,-0.03886005,0.085214774,-0.031146416,-0.069067755,0.066287055,0.122347682,-0.021632042,0.109556006,-0.010204206,-0.078937292,0.256796341,-0.31420094,0.133700127,-0.13447705,-0.072584658,-0.191063602,0.172373276,0.234687512,0.027967659,-0.49522237,-0.027695179,-0.026419808,0.033767771,-0.071455902,0.01474936,-0.115648799,0.130577312,-0.06772445,0.064543878,0.049729155,0.023948618,0.028974369,0.069532225,0.034204125,0.118705193,0.056987941,-0.036906597,-0.08265002,-0.024989551,0.107425788,0.001096074,0.041356992,0.003373058,0.087746463,0.027813672,-0.073799521,-0.050885838,-0.043848829,0.011416944,0.019316777,0.053548461,0.041870394,0.003298709,-0.00858942,0.009719316,0.013343263,0.012277056,0.033541815,0.01667295,-0.01733048,0.017999986,-0.018802656,0.003951508,-0.010455942,-0.029230115,0.00917219,0.012380183,-0.002044483,-0.020032153,0.023519583,-0.021072172,0.009942183,0.001156575,-0.000238512,0.00151693,0.002316758,-0.006332262
Cd,-0.550259496,0.167938771,-0.27012393,0.099189211,0.007758324,-0.091973611,-0.126403338,0.122308483,0.128112381,0.058855057,0.010413915,-0.047840423,-0.074503938,0.076654252,-0.195083409,-0.10761134,0.172548187,0.035715148,-0.035001115,-0.083743359,0.024491085,0.003175687,0.094127265,-0.157530536,0.135854348,0.088197012,0.046176204,-0.102627924,0.116789613,-0.124949594,-0.199461208,0.111481298,0.067070763,-0.079883584,-0.06704732,-0.105573965,0.207101747,0.044686938,-0.051574292,-0.04019267,-0.059378594,0.188686811,0.049307552,0.099762799,0.02318448,0.046076196,-0.05413958,0.012044811,0.039651458,0.124760424,0.026125971,0.093250386,-0.001899369,0.119288107,0.084789141,0.156192767,0.041543033,0.038339393,-0.096675434,0.040832836,-0.125301554,-0.042700206,-0.000523723,0.050443702,-0.043607809,-0.05173506,0.059715029,0.039023356,-0.068705381,-0.006224631,-0.078955792,0.051023104,-0.036052042,0.056411608,-0.015086311,-0.03034902,-0.029646901,-0.005037319,0.009973703,-0.005493607
In,-0.601418412,0.146683787,-0.166776895,0.007310294,0.012389508,-0.133096167,-0.114873766,0.006535135,0.205274678,-0.008500963,0.023420149,-0.107294894,0.147267937,-0.081721024,-0.082204735,-0.217244166,0.078977154,0.113596797,-0.051851877,0.090829774,-0.194327288,0.052567844,-0.009823771,-0.007492522,-0.065878753,0.034923244,0.029353641,-0.13115202,-0.120828159,0.016940368,-0.131202511,-0.041876658,-0.029931746,-0.085583448,0.012106468,0.088699047,-0.185686343,0.079617145,0.00624599,-0.035130632,-0.094722468,0.026178005,-0.020983105,-0.023981422,-0.030473623,-0.096611245,0.00412549,-0.04715465,0.133990992,-0.020400039,-0.182564404,0.032824612,-0.152245458,0.062022781,-0.22612138,-0.118140738,-0.111839628,-0.004948205,-0.024803494,-0.017987645,-0.014433478,-0.149888988,-0.022818605,-0.051711874,-0.054869395,0.021295494,-0.124170244,0.024474383,-0.038816789,-0.009989795,-0.017452901,0.010081747,0.040830783,0.006739701,-0.032295985,0.042541309,-0.033160164,0.006851667,0.001697092,0.006089392
Sn,-0.580890051,0.29280969,-0.163234896,-0.083272842,0.066719933,-0.027083956,-0.041476109,-0.010741924,0.031810224,-0.024904865,0.080547566,-0.247862463,0.188477019,-0.018664779,0.014337651,-0.136794209,0.097287535,-0.002344467,0.101415758,-0.025192467,-0.000381171,-0.01913247,-0.027314945,-0.13063493,0.019192896,0.048925395,-0.03718572,-0.090097904,-0.076420495,0.118556968,0.006730475,-0.068826758,0.148127853,0.026437632,-0.150310257,0.172662076,0.035518818,-0.001366294,0.075627303,0.12867001,0.031634676,-0.091121481,-0.151685127,-0.052168293,0.120955149,0.008778912,-0.083220658,0.038508954,-0.016761416,0.083916852,0.014975179,0.033145321,-0.053364461,-0.123858132,0.109140243,-0.039318252,0.000699045,-0.06195921,-0.152219259,0.047707586,0.165862351,0.125701739,-0.100666134,-0.131802619,-0.033516823,-0.068083235,0.137077209,-0.040216154,0.075707841,-0.016214399,-0.000754709,-0.012925958,-0.024866531,0.068555074,0.004139885,-0.034635011,0.00919022,-0.012705082,0.008499871,-0.007914438
Sb,-0.509684952,0.313539069,0.035342478,-0.110065888,0.016429237,-0.072748035,0.0347421,-0.099738335,-0.035549416,0.126311363,-0.001864681,-0.20648225,0.044007066,0.070822613,0.195992362,0.024647787,0.159047412,-0.066700292,0.192958786,0.074157964,0.222743365,-0.13222175,0.081187541,-0.111095279,-0.213706329,-0.071979621,0.011450266,-0.048646371,-0.004372931,0.095962093,0.094359323,0.153261242,0.114587494,-0.10624529,0.20032484,0.063683499,0.066603823,-0.00551838,-0.061681386,0.104822229,-0.049413359,0.117669211,-0.089759025,0.010427388,-0.153170649,0.015207354,0.067139775,-0.01032349,0.01357636,-0.097947851,0.018996006,0.080871539,0.173025869,0.173671945,-0.06081911,0.01624918,-0.093047405,-0.010727389,0.044432501,-0.085913573,0.05474821,0.006342165,-0.017316262,0.028500442,-0.042370196,-0.023631325,-0.023095569,-0.038084623,-0.037092419,0.030038072,0.013838183,-0.03218658,0.009520098,0.01233605,0.017573565,-0.002335598,-0.013135945,0.010924554,-0.013768045,-0.001382452
Te,-0.458729959,0.278661673,0.35556555,-0.103116182,-0.060205711,-0.139176887,0.041209795,-0.119732209,0.045009203,0.190188192,-0.010631187,-0.017051619,0.02469531,0.12716308,-0.024882765,-0.03940254,0.01494433,-0.036897717,0.093414677,0.107448932,0.191724787,0.152820411,0.052504908,0.024223608,-0.027743941,-0.078327549,0.009584399,0.141329674,0.062120353,-0.168938523,-0.092295749,0.093077523,-0.199730227,-0.185324006,-0.034487031,0.002713436,-0.016325184,0.002471076,-0.144512575,0.195263594,-0.074645034,0.009043452,-0.041842879,-0.067507156,0.036816478,0.038505999,-0.029862592,0.027593601,0.052476924,-0.122223833,-0.163582589,-0.197907029,-0.097605378,-0.132551919,0.141651074,0.006593289,0.0334534,0.060053714,-0.029970938,0.083001656,-0.013959024,0.018162697,-0.075349478,-0.026401409,0.063604794,0.033730012,-0.012217316,0.080139137,-0.016712139,-0.019596341,0.001839446,-0.013339411,0.023228998,-0.028297296,0.003485613,0.0076837,-0.024878587,0.019210974,0.000508875,-0.000984824
I,-0.401375139,0.281667149,0.460202264,0.01714949,-0.153488426,0.18610229,-0.085752201,0.136719675,0.070388063,-0.07766648,0.07577355,-0.010658118,0.147083691,-0.062752049,0.13202378,-0.00362414,-0.0638971,0.017056296,0.013606144,-0.078624433,0.069931933,-0.000959295,-0.103449359,0.058554874,0.03450099,-0.044245175,0.015712799,-0.020131951,0.0660324,-0.132860638,0.001288019,0.019370519,0.010561292,0.064378838,-0.144334019,0.093889548,0.03354202,-0.001790076,-0.062943426,-0.059855543,-0.126355275,0.11143649,-0.011899018,-0.057874355,-0.183257594,-0.001022896,0.188053523,-0.056576154,-0.168195297,0.044486793,0.10422957,0.034323554,-0.085240861,-0.175522583,0.039613569,-0.056239714,-0.220611106,0.165849529,-0.082550596,-0.115006262,-0.046150051,-0.048117056,0.068256107,0.021245353,-0.009488788,-0.034937446,0.027404143,-0.029120847,0.002187364,-0.005365508,-0.022460157,0.009471591,-0.048810523,0.016188476,-0.054804479,0.011439153,-0.020357382,0.006363066,-0.012982522,0.002309261
Cs,-0.297273444,-0.099910908,0.212852759,0.269237196,0.413283073,0.038854606,-0.062574886,-0.193486805,-0.046301725,-0.245624229,-0.079642485,0.293349883,0.167036343,0.104612175,0.002723528,-0.090639572,0.080804248,-0.040937153,0.027331401,-0.040832613,0.056671446,-0.04896662,0.001427681,-0.108816901,-0.106097556,-0.008260707,0.066475283,0.026857084,0.057461861,0.12563783,-0.003799477,0.164082697,-0.160245873,-0.129242543,-0.093337355,-0.098488975,0.000964248,-0.057093551,0.365329999,-0.068290724,-0.008095949,0.056049453,-0.026293774,-0.034021605,-0.041415934,-0.136059729,-0.02480274,0.089036642,0.006727704,-0.081795912,0.010672344,-0.004753965,-0.039716818,-0.035566003,-0.003002144,0.008685592,-0.016182372,-0.027612497,-0.052338013,-0.024338538,-0.004146779,0.025732627,0.002841581,0.012192215,-0.045381668,-0.013923929,0.033597968,-0.011189337,-0.026817019,-0.002009096,0.009988795,0.068188394,-0.088887939,-0.095073791,0.000588166,0.000711483,-0.006606432,0.025609192,0.002229186,0.007563517
Ba,-0.380939851,-0.244150365,0.199498264,0.243663317,0.413529173,-0.028643402,-0.051710153,-0.089858021,-0.056556087,-0.015654389,-0.020707732,-0.077607931,-0.121574932,-0.140987217,-0.011636567,-0.107660795,-0.242268792,0.086058466,0.013183785,0.000864889,0.050597793,-0.056582803,0.033988382,-0.088563709,-0.021980742,-0.194581722,-0.208131522,-0.092100512,-0.099989045,-0.045591211,0.137939291,-0.052537776,-0.101082008,-0.072981965,-0.061019765,0.04544747,0.167767249,0.150275971,-0.090585652,-0.029557559,0.104740256,0.013615069,0.054691739,0.044183186,0.037163893,-0.11477712,0.059199283,0.057355542,0.127440542,0.086581982,0.086532081,0.027520331,-0.040927147,0.093135997,0.045746704,-0.053654414,0.0045947,0.19753775,0.086707103,0.0035443,0.067932044,-0.003452263,-0.0308549,-0.133855181,0.063633205,0.068034506,0.017403396,0.017854159,-0.069345736,-0.015843167,-0.016095197,0.013825901,0.004247536,-0.025911971,0.007758184,-0.018305614,-0.01051357,0.003290348,-0.01427274,-0.004743587
La,-0.434130713,-0.474501761,0.09691684,-0.084775259,0.199819492,-0.077891127,0.166530725,0.260426117,-0.186058132,0.0979862,0.145346353,0.067729167,0.111852476,-0.045538673,-0.020769107,-0.004413273,0.019751765,0.011513603,-0.032358066,0.063566473,-0.044379693,-0.040811012,-0.00240184,-0.033075403,-0.130825247,0.056517117,0.091724539,0.015185539,-0.107636649,-0.101401045,-0.031346034,0.052527108,-0.063678628,0.031189691,-0.080068433,0.0273186,0.078919999,0.028834197,-0.06545424,-0.014319222,-0.000303524,-0.041934305,0.021742443,0.1317064,-0.036619809,0.032216599,-0.006266772,-0.013389323,0.034232248,-0.019519173,-0.028961394,-0.047430289,0.021931247,0.029863805,0.035333445,-0.040339138,0.137396291,0.015847511,-0.092318131,-0.172049713,0.109474273,-0.048692559,0.060725824,0.018285657,0.049668066,-0.186068158,-0.095448338,0.043754257,0.182819668,0.175867185,0.05535135,0.172258216,0.012137347,0.00639705,0.003237833,-0.00639514,0.007722362,0.043659069,-0.023174973,-0.000598737
Ce,-0.400437571,-0.490487055,0.063443937,-0.151865659,0.066072325,-0.0221334,0.195564552,0.229977424,-0.094522396,0.049621665,0.089742841,0.096587852,0.140636517,-0.041034324,-0.015752757,-0.026742562,0.033747546,-0.014606781,0.038021087,0.008673391,-0.00097717,-0.080786895,0.017698237,-0.074278177,-0.198062618,0.072615103,-0.114427419,0.083137651,-0.12583029,-0.121467137,-0.025775032,0.088804547,0.000908393,0.01328644,-0.039865134,-0.019223453,-0.014548835,-0.099180233,0.012278295,-0.085003405,-0.08137289,-0.089770013,-0.034326399,0.313269972,0.105441822,0.089289993,0.074751914,0.064125516,-0.048041413,0.049422721,-0.009755434,-0.014811082,0.056602168,-0.073468301,-0.085632289,0.082563029,-0.185469424,-0.015474017,0.09543004,0.133402684,-0.098309085,-0.012152422,-0.124875376,-0.068165344,-0.001726986,0.063406824,0.042970893,-0.01385063,0.003110987,-0.12395469,0.010986524,-0.035214135,-0.005020592,-0.004344645,0.003502889,-0.006449524,0.003555755,-0.014956271,0.031176808,0.007058386
Pr,-0.432556913,-0.511868799,0.08877314,-0.138516529,0.130516073,-0.074062346,0.152699759,0.288411339,-0.241821362,0.085372398,0.116170471,0.066186579,0.118649827,0.023480082,-0.043610471,-0.013634599,0.008276539,0.023143685,-0.018641141,0.025954985,-0.038997194,-0.024261556,0.001289304,-0.001513802,-0.045059878,0.057225131,0.056336836,0.006680948,-0.066037883,-0.064559086,-0.011309842,0.009164839,0.000999669,0.042757533,-0.008503795,0.047516629,0.070009831,-0.031021844,-0.002835662,0.097073734,0.062700063,0.038939153,0.048352219,-0.108175385,-0.031422298,-0.055359509,-0.032441399,-0.05839247,0.000164958,-0.05415337,0.012755063,0.048723772,-0.05296848,-0.022476793,0.013990014,-0.027104013,0.108054567,-0.035135475,-0.048973467,-0.056385966,0.060660197,0.004459173,0.087492007,0.061801694,-0.081127623,0.190895109,0.037033329,-0.047915383,-0.192394403,0.04963402,-0.105801778,-0.195900454,-0.005810413,-0.025338201,-0.087429114,-0.034918378,-0.024559299,-0.029013198,0.188926843,-0.013836246
Nd,-0.452931117,-0.531874883,0.094499738,-0.15358137,0.141637915,-0.075832825,0.11229226,0.29737996,-0.202586086,0.069777022,0.120993729,0.072347173,0.099222511,0.039697322,-0.015091949,0.027979891,0.050312009,-0.01644992,-0.005012822,-0.033823358,-0.028829722,0.054278467,-0.02429043,0.046582512,-0.009629854,0.029944752,0.04550459,-0.043108378,0.009374496,-0.004462306,-0.032523044,-0.034570124,-0.00030887,0.041956888,0.088445079,-0.000238612,0.009792465,0.034581854,0.024994166,0.073476961,0.047544814,0.063203893,0.022003634,-0.184519988,-0.011696447,-0.034031993,-0.032202564,-0.013914657,-0.018512517,-0.025230727,0.02388088,0.070651222,-0.041681137,0.057742417,0.033080584,-0.070375179,-0.014109766,-0.008549226,0.009123178,0.062429415,-0.055542897,0.049721517,0.008939361,0.002966328,0.018634375,0.023668332,0.06467138,-0.003911694,-0.071703069,-0.175953903,-0.0010214,0.06509933,0.041753184,0.05720421,0.110224172,0.086758142,-0.016251387,0.040180558,-0.310879624,0.012440462
Sm,-0.458488093,-0.549553938,0.057058694,-0.178797549,0.069476201,-0.04041988,0.052118484,0.210636595,-0.148360551,0.041918851,0.058673521,0.033388842,0.036323057,0.032691321,0.005955777,0.020876322,0.041103299,-0.009820371,0.02665577,-0.039320023,0.01065276,0.088584563,-0.018053866,0.038982231,0.073936214,-0.053131985,0.013380352,-0.076236709,0.127188881,0.097527667,-0.006735384,-0.058445808,0.025074058,-0.044572359,0.065473134,-0.034376015,-0.072231832,0.051637105,0.029598054,-0.023201154,0.058695839,0.111219392,-0.022379137,-0.20823966,-0.001300401,-0.05035259,-0.013664888,-0.036240952,-0.006070121,0.021951656,0.00511683,0.057982381,-0.04017841,0.087917244,0.078111656,0.000308575,-0.144456419,0.062971013,0.153456614,0.15583585,-0.073992488,0.020484019,-0.148605298,-0.000524793,0.0428286,-0.095119621,-0.062302436,0.049342469,0.158191945,0.064641316,0.107504503,0.042960948,-0.032429474,-0.009509383,-0.078903329,-0.106494905,0.029581041,-0.043313379,0.166044529,-0.024793641
Eu,-0.436230247,-0.436553454,0.103754847,0.002068915,0.189167973,-0.000620185,0.090663443,0.118096738,0.035752226,0.114760471,-0.017352314,-0.126457375,-0.095267576,-0.100576059,-0.003088992,-0.054991267,-0.104284549,0.084334327,-0.054623048,0.013247128,0.038721588,-0.019835243,-0.065169138,-0.044353959,0.159750015,-0.101436667,0.258364044,0.042358932,0.191001778,0.223537165,0.094909679,-0.006917368,0.017476855,-0.084316433,-0.153760068,0.051109181,-0.025742669,0.081251565,-0.090499295,-0.062353423,-0.020982914,-0.09309301,-0.151111581,0.155520501,-0.123181832,0.002388959,-0.219370653,-0.033887581,-0.220635739,-0.072057525,-0.077532236,-0.02769634,0.035367532,0.015449999,-0.042461773,0.037469555,0.029743706,0.00444791,0.034356135,0.027954358,0.003139179,-0.053598975,0.024989924,-0.036966445,0.006961334,-0.027759153,-0.022925995,-0.002157481,-0.088449332,-0.082722987,0.002286626,-0.019046419,-0.046284629,-0.034994367,0.008172127,0.037987215,-0.011953653,0.008445953,0.005636029,0.011718082
Gd,-0.470484336,-0.531205406,0.064633242,-0.116815954,-0.004080986,-0.038920648,0.007837527,0.112582402,-0.067567935,-0.003102553,-0.047998886,-0.010698774,0.002656669,0.063321231,0.039163488,0.073235264,0.081159515,-0.068998818,-0.030980445,-0.02166377,0.058390794,0.122456367,-0.051473844,0.04395925,0.119012641,-0.03341893,0.067794051,-0.086035421,0.150366129,0.091829511,0.068435134,-0.103442023,0.044465791,-0.113951899,0.022326383,0.008809591,-0.012730178,0.028195913,0.006465415,-0.067566757,0.08687477,0.010176731,0.012081998,-0.053310615,0.076483613,0.013557158,0.168501507,0.080101948,0.165889638,0.119275047,-0.006415232,-0.249739322,0.143765266,-0.066623507,-0.164159729,0.166303932,-0.047213077,0.032224028,-0.175906983,-0.101830808,-0.009899418,-0.024936714,-0.006681575,-0.103021154,-0.049477427,0.054536592,0.010497333,-0.049636819,-0.001982993,0.034310841,-0.039003271,-0.019215095,0.046100546,0.001776658,0.049891679,-0.010507523,0.016874243,0.088633277,0.003948398,0.025189832
Tb,-0.493362732,-0.556785886,0.022131576,-0.190958062,-0.163516777,-0.014508109,-0.145362418,0.004773052,-0.077052318,-0.058334736,-0.101973357,-0.015984566,0.009122174,0.078791407,0.035325318,0.057315812,0.058677474,0.005247627,0.004858027,-0.025563265,0.027740105,0.079014305,0.018274801,0.000112278,0.058849283,-0.030510349,-0.126840438,-0.083468815,-0.009785012,0.014128009,0.054764737,-0.043839386,0.006636472,-0.109899055,-0.032531789,0.013576894,-0.037619,-0.022881725,0.024411775,-0.0519536,-0.071496749,-0.045025307,0.003218568,0.098424939,-0.018033283,0.047509405,0.007867697,0.022753248,0.061000959,0.058592254,-0.030966601,0.016825132,-0.061743305,-0.023515938,0.05050234,-0.044412064,0.001703793,-0.028815048,0.052577585,0.065240107,0.036671024,-0.053013673,0.01501465,0.090559116,-0.002898254,-0.0539261,0.008840854,0.02200859,-0.023447755,0.251545975,-0.009631173,-0.195276728,-0.206440377,-0.051468287,0.087113854,0.089680596,-0.057940109,-0.145509345,-0.138456269,-0.010132652
Dy,-0.490125935,-0.550532676,0.004104973,-0.200629092,-0.199591811,-0.005837055,-0.214849118,-0.07290965,-0.045769625,-0.0650045,-0.11574242,-0.002048866,0.009917424,0.084953876,0.006086923,0.040206682,0.028189575,0.004406761,-0.002057246,-0.047606095,0.010704733,0.019804279,0.038361134,0.003595668,0.039086372,-0.057653783,-0.112473816,-0.073687418,0.00807945,0.015045873,0.028845835,-0.022286273,0.006464242,-0.094202388,0.01489475,0.043455348,-0.003932183,-0.043726021,0.034146185,-0.000493218,-0.106115566,-0.053114422,0.014549427,0.052232082,-0.028934175,0.082021199,-0.028078875,0.03098998,-0.033077315,-0.012276749,-0.024002931,0.113687975,-0.03524857,0.007742239,0.06787148,-0.112921101,0.037715584,0.006184644,0.065173923,0.001092432,-0.038501701,0.058133004,0.072727263,0.00621367,0.011053786,0.085608035,0.067549954,-0.015626411,0.028509425,0.029256493,-0.043919654,0.139660483,0.080636741,0.088589898,0.062991744,0.19491855,0.023174867,0.194948392,0.164567812,0.140353772
Ho,-0.505457886,-0.570360606,-0.005210474,-0.196100818,-0.216034994,0.001658128,-0.259703425,-0.117786011,-0.026928753,-0.082716169,-0.117483817,-0.016447295,-0.003196753,0.066555129,0.002810628,0.015817134,-0.004851801,-0.010128321,0.004302124,-0.047338196,-0.006780489,0.018538791,0.010286984,-0.010022827,0.01606422,-0.024606839,-0.075233459,-0.036386292,-0.021421241,-0.023860422,0.024382293,0.020062348,-0.01895136,-0.016096014,0.001125149,0.023302524,0.012633257,-0.024465021,0.023504935,0.035147495,-0.051084361,-0.058203239,0.001025552,0.043868126,-0.057228443,0.004436703,-0.065957908,-0.028092859,-0.077327943,-0.033102806,-0.037916384,0.021979142,0.006103979,-0.004405284,-0.048378504,0.018933307,0.029940083,0.006919211,-0.005867336,-0.002024861,-0.0277318,-0.00253099,0.055683625,-0.039418637,-0.007625182,0.115816156,0.034716452,-0.024308517,0.025825218,0.024208391,0.006107477,0.092412558,0.072294075,0.006872947,-0.071264401,-0.133206826,0.006648013,0.065914462,-0.060926448,-0.337649939
Er,-0.516190994,-0.55646998,-0.016147012,-0.169759404,-0.209337731,0.014508278,-0.251103047,-0.156575387,-0.017979315,-0.0848229,-0.088862201,-0.013164021,-0.020885214,0.043338923,-0.001456497,0.029635058,-0.020509442,-0.017341513,0.006394737,-0.042315057,-0.011592357,0.021642624,-0.002389781,-0.002770535,-0.024889897,-0.004519796,-0.042291286,-0.011016229,-0.035010864,-0.039201065,-0.018494606,0.036223435,-0.031153601,0.041832231,0.020334928,-0.000536077,0.041810327,0.028861504,0.005102783,0.053718776,0.010172331,0.002429094,-0.023447887,0.040617587,-0.004514489,-0.041861648,-0.080499246,-0.066003126,-0.103157727,-0.046777719,0.009760488,0.010777074,0.009110975,-0.012557889,-0.029392195,0.041879184,0.021143442,0.006688376,-0.035618551,-0.003367557,0.013935991,-0.030232529,-0.022846678,-0.043774204,-0.04527828,0.066978445,-0.042267764,0.006333757,0.0179818,0.028518137,-0.002710457,0.01208233,0.065314128,-0.039262119,-0.150557736,-0.244729867,0.046647084,-0.062454636,-0.128359848,0.262588658
Tm,-0.501766881,-0.510496965,-0.02441508,-0.156679204,-0.213564114,0.034787821,-0.20468927,-0.144420922,0.047682235,-0.080801272,-0.096749191,0.015684473,-0.003329191,0.008520462,-0.015977228,-0.034007383,-0.051353771,-0.018996758,-0.003699434,0.032752686,0.010164984,-0.066179991,-0.014973789,-0.044424968,-0.065247123,0.034222224,0.03577336,0.100853478,-0.03735527,-0.017831452,-0.015800469,0.042480326,0.008799997,0.167002929,0.000600275,-0.008880712,0.121045437,0.028639194,-0.033893146,0.089734418,0.145569393,0.073459449,0.011778908,-0.075050209,0.012979429,-0.087845549,-0.076050986,-0.020075354,-0.044607074,-0.072555615,0.038282968,-0.086976239,0.023792796,0.000390385,-0.104030517,0.071737794,-0.038298903,0.033483749,-0.054313093,-0.022520505,-0.033960844,-0.070795521,-0.043337749,-0.06020671,0.033486488,-0.014522746,0.056898348,0.010273811,0.049155659,-0.015595039,-0.000802658,0.094596131,0.038277475,0.010790171,0.085585097,0.214284605,-0.072883444,-0.260329426,0.085975055,-0.017905047
Yb,-0.476675982,-0.455713171,-0.034644788,-0.051073806,-0.085753304,0.02237758,-0.062834045,-0.020009094,0.092624412,-0.005094574,-0.008325934,-0.079082825,-0.086953968,-0.124778575,0.000121508,-0.166627978,-0.096240989,0.0567143,0.019147909,0.068934446,0.101989205,-0.031326445,0.027197203,-0.059601657,0.069464345,-0.029926689,0.322468987,0.175107706,0.121851004,0.118782326,0.005792512,0.12419991,0.030363428,0.196568968,-0.013953684,0.025019309,-0.058496246,-0.065368254,-0.03482453,-0.017301023,-0.033348042,0.011953128,0.06119393,0.077719159,0.019210129,-0.020614658,0.182903518,0.128412225,0.26230827,0.017128585,-0.029113147,0.077344708,-0.032508878,-0.030055756,0.091301628,-0.13121354,-0.024195776,-0.069048103,0.043870257,0.011867298,-0.002614117,0.069383374,0.010433487,0.096970408,-0.013171012,0.100073439,0.062713746,-0.00082548,0.057933107,0.009089183,-0.003988559,0.029381962,0.054708608,0.002550029,-0.031761306,-0.047410902,0.013697712,-0.049369114,-0.036474007,0.000273084
Lu,-0.525745943,-0.491834425,-0.056227179,-0.089575246,-0.220752724,0.028388773,-0.162194201,-0.17880484,0.082257588,-0.093107712,-0.056489002,-0.030061509,-0.027709877,-0.021254324,-0.053465929,-0.014380342,-0.026168084,0.002437035,0.014886349,0.072794813,-0.025226977,-0.070268715,0.00510304,-0.005056733,-0.078947184,0.053679004,0.065614433,0.134495764,-0.053632028,-0.024047822,-0.06409991,0.050575841,0.003951701,0.185756831,-0.035806155,-0.037204145,0.078759092,0.016812225,-0.061381852,0.044562932,0.129954747,0.034436877,0.012000655,-0.040221213,0.007803797,-0.100219313,-0.002040431,-0.023060682,0.006971376,0.001546037,0.051790696,-0.012947374,-0.025243593,-0.003414745,-0.037745277,0.018459185,-0.036242928,-0.001538728,-0.008302347,0.062901676,0.002328012,-0.005518625,-0.054561837,0.003807345,0.052376646,-0.145656238,-0.099119912,0.014865789,-0.057522964,-0.016740432,0.039580903,-0.168960777,-0.169084048,0.030893571,0.06686823,-0.009359181,0.054201393,0.294683915,0.011456711,-0.010043397
Hf,-0.499714968,-0.218880342,-0.093048077,0.104471807,-0.133492453,0.12096349,0.236982255,-0.282270283,0.058912582,-0.079232336,0.364850416,0.067794139,-0.050124307,-0.203905458,0.020753608,0.173257525,0.121274506,-0.04105173,-0.005917772,-0.019287339,-0.000635656,0.092447616,0.007211276,-0.096998666,0.087636781,-0.010822411,-0.037048821,-0.039610562,0.041122174,-0.007203194,-0.017000405,0.057930101,-0.142121638,0.089163668,0.05829455,0.123813481,-0.027103752,0.027398766,0.044722265,-0.034318307,0.085620933,0.079639052,-0.043490568,0.053310855,0.013314325,-0.000259353,-0.029957638,-0.043282514,-0.015493679,0.011306259,0.004766121,-0.015859663,0.020981043,-0.071262485,0.060864758,0.003824771,-0.014647004,0.020156403,0.104875439,0.064270952,0.059253015,-0.018343668,-0.078115584,0.023694231,-0.151733753,-0.120316906,-0.043126294,-0.030287652,-0.051927257,0.068735462,-0.213254092,0.011579283,0.172253159,-0.066694642,-0.001291654,0.048771678,-0.020028351,0.032834119,-0.016937867,-0.031153464
Ta,-0.476352596,-0.035201807,-0.112068946,0.263347776,-0.209433706,0.036810423,0.279434463,-0.131496414,-0.115752154,-0.025265327,0.089482683,-0.105972283,0.076546518,0.404433613,-0.064642256,-0.16511392,-0.18342799,0.11479588,0.110302909,-0.144319919,-0.065582146,-0.056718886,0.051493824,0.101201414,0.041369577,-0.042651592,0.013193499,-0.001549374,-0.010235229,0.003113176,-0.002257137,-0.007987212,0.012457096,0.027686543,0.05524794,0.033299959,0.012023571,0.05082539,0.042890329,-0.059107852,0.016417208,0.071332285,-0.013671582,0.031097859,0.012602972,0.024029841,0.014884518,-0.015827158,-0.016514149,-0.020875852,-0.019291188,0.057005075,0.176287548,-0.035751043,0.103514372,-0.165936032,0.055640514,-0.060875152,-0.086320027,-0.0431545,-0.182843336,-0.107240088,-0.031894758,-0.141208097,0.030586437,0.01080664,-0.057267857,0.016053651,0.078991623,-0.01542692,-0.048840424,-0.08174767,0.00563814,-0.106239422,0.035567274,0.010813531,0.016114284,0.000111515,0.000852545,-0.013515918
W,-0.461395637,0.099183188,-0.050562909,0.300407865,-0.219919728,0.007132913,0.171749335,0.024133454,-0.195449786,-0.082154014,-0.249290973,-0.135731093,0.078612104,0.016631795,-0.029301117,-0.041052083,-0.108081749,-0.229294405,0.110096078,0.272875073,0.019334417,-0.018403737,0.059967517,-0.120129981,0.08540647,0.189929975,-0.046273703,-0.162889368,0.024864736,-0.041514759,0.075393598,0.108763164,-0.088931341,0.014111862,-0.01498772,-0.001573049,-0.057478957,-0.00014287,-0.075885115,-0.109366893,0.138591421,0.026592924,0.121038722,-0.056073964,-0.06385066,-0.025026286,0.035759089,0.08473228,-0.179615027,0.147160267,-0.130673287,-0.108076433,-0.018222168,-0.000357127,-0.002705852,-0.078939159,0.009729663,-0.113765603,0.076173055,-0.005257432,0.019324705,-0.009784981,0.011756943,0.026279974,-0.058194242,-0.001066776,0.033633496,0.044531333,-0.037712135,-0.019685978,0.035630288,0.05213186,-0.019651901,0.07907751,-0.01115497,-0.029199847,-0.014319791,-0.008900211,0.003093797,0.011620284
Re,-0.420788144,0.183775525,-0.014562366,0.049350512,-0.055412409,0.206039422,0.082153876,0.075577722,-0.145776021,-0.131939531,-0.202064932,-0.101405374,0.072786145,-0.257303145,-0.372235649,-0.090793082,0.159564696,-0.243075309,0.047376814,-0.092243348,0.107603715,-0.14137407,-0.010494349,0.088689737,0.087413944,-0.110424725,0.077464065,0.265800201,-0.139239193,0.010662588,0.008351121,-0.226938743,-0.055677842,-0.109671485,0.164233208,0.113126367,0.097374764,-0.106872978,0.016798958,8.70E-05,-0.093303742,0.058149185,-0.032528878,-0.010449737,0.014825584,-0.035500972,-0.016373256,-0.007690539,-0.026435704,0.080097164,0.016707634,0.002682404,-0.065349044,0.001695719,0.00130912,0.036377736,0.030388056,-0.02346816,0.046541338,-0.042786824,-0.046250398,-0.021626011,0.008979609,-0.01679046,-0.00438874,-0.01204403,-0.045223527,-0.007382926,0.005899584,0.018106824,0.004330502,0.008435741,0.018028454,-0.040802664,0.022993658,-0.009831046,0.004579785,-0.004137453,-0.010074243,1.06E-05
Os,-0.432062757,0.220539578,-0.168739382,-0.072390489,0.075086994,0.378204058,0.101037232,-0.077642786,-0.19846577,0.116316566,-0.243276598,0.025075035,0.004607455,-0.102111785,-0.278515129,-0.067513279,0.166574199,0.120380669,-0.115025182,-0.107414469,-0.029386789,0.010738562,-0.060872763,0.076539157,-0.075785704,-0.039490032,-0.147668061,-0.060880611,0.1556724,0.014643193,-0.00654169,0.120394921,0.060125704,0.067672737,-0.080994258,-0.09465312,-0.013759325,0.027913449,-0.044708751,0.079980898,0.04706821,0.009610524,-0.118232528,-0.011232574,0.026118411,0.053732393,0.134024696,0.010311602,0.019196864,-0.081502597,0.0101384,-0.060033379,0.121971259,-0.045630597,-0.078748983,-0.18454146,0.048552407,0.032014484,-0.009413792,0.145716652,0.030202516,-0.040005047,0.063595793,0.016017637,0.029346582,-0.078218545,0.036145557,-0.05856541,-0.111001688,0.043627565,0.079823163,0.038869481,0.037688099,0.018407874,-0.06559648,-0.001843207,-0.029712362,-0.006001879,0.00228476,0.002258418
Ir,-0.446403362,0.230703969,-0.271188463,-0.229690875,0.188733708,0.311061624,0.014812742,-0.13028649,-0.051437187,0.094236473,-0.067790253,0.013325603,0.07475637,0.043621691,0.120456536,0.082460197,-0.132719741,0.219391527,-0.119537775,0.028739397,0.022844173,0.050544239,0.029040041,-0.097118134,0.030994753,0.251808844,0.022888678,0.110885291,0.043441205,-0.047066918,-0.075930218,-0.092181602,-0.079027,-0.098921352,0.13850567,0.093956456,0.022393042,-0.055751343,-0.020150456,-0.067569128,0.043062618,-0.054992701,0.021511259,0.054872282,-0.067961219,-0.08511998,-0.043094562,0.053092158,0.00387579,0.037530278,0.005215877,0.010581839,-0.004243266,0.009204264,0.047059135,-0.01543752,-0.05324327,0.025727206,-0.064534907,-0.023573619,-0.130468308,0.24032901,-0.008771929,-0.081061811,0.011192509,-0.022414697,-0.145235351,-0.115701864,-0.102370592,0.081330071,0.068525631,0.009129291,0.017595445,0.072105579,-0.012124266,0.006790131,-0.028561649,-0.043981309,-0.00644173,-0.001733763
Pt,-0.442155316,0.25699401,-0.258191265,-0.25670459,0.211930516,0.246248836,0.011448928,-0.013420654,0.029640509,-0.030225205,0.048028094,0.049435896,-0.014234766,0.09462805,0.034037345,0.100722848,-0.239726138,-0.204876526,0.033102751,0.136476803,0.006183402,0.027703045,0.125889206,0.015529371,-0.004193168,-0.006250841,0.088230569,-0.079462332,-0.026074031,0.0880678,0.027572891,-0.077011084,0.021096515,0.017864057,-0.1337589,-0.06020864,0.071030529,-0.06422679,0.120733631,0.19879847,-0.087826212,0.061919842,0.041165583,0.089477522,0.011603881,0.090544666,-0.048663282,-0.236310522,0.102531058,0.131305791,0.107471004,-0.145930513,-0.014438199,0.056163722,0.059379156,-0.074594608,-0.111753851,-0.059980467,0.0059179,0.08612391,0.005356295,-0.100003282,0.101707981,-0.017600867,-0.041748439,0.028990571,-0.082279001,0.021124582,-0.034526388,-0.028094743,0.041913478,0.0391906,0.022291987,-0.022985602,-0.00526765,0.008854475,-0.025503603,0.012205322,0.007910116,-0.000586248
Au,-0.454068855,0.332687913,-0.115239777,-0.268379082,0.146165884,0.145498948,0.01016079,0.032021191,-0.029102148,-0.16517226,0.067756834,0.008640893,-0.092198158,0.045667842,0.020322137,0.110454019,-0.136861644,-0.121453746,0.002020704,-0.062572693,-0.065984492,-0.086615354,0.062016005,0.103673792,-0.067542874,-0.254623709,0.002297598,0.001293356,0.059612056,-0.144410517,-0.173390814,0.111873333,0.267138725,-0.052746252,0.059494988,0.152632843,-0.024441399,-0.018211127,0.043000754,-0.218682654,0.167474296,-0.011192534,0.025655818,0.016898837,-0.138868421,0.014209863,0.00382567,0.042701711,0.080362895,-0.118452006,-0.052481458,-0.061012269,-0.136584376,-0.033596747,0.03719418,0.078643592,0.077674695,-0.095614887,0.029110106,0.043267805,0.0446258,-0.044997343,-0.005350972,-0.084643729,-0.003835741,-0.012890687,0.024336021,0.016415974,-0.013040741,-0.02873106,-0.001852326,0.019884165,-0.035290653,0.084455503,-0.030287975,-0.005647815,-0.025791401,-0.004690071,-0.004791507,0.003703721
Hg,-0.499655987,0.253646676,-0.017836206,0.015944649,0.020870761,0.038504469,-0.064908425,0.109239751,0.032713169,-0.074953083,0.024684059,-0.110635907,-0.04542546,0.136761457,-0.080291275,0.230352789,0.063765576,0.065903554,-0.175204017,-0.128673617,-0.217533882,-0.173924888,-0.038862131,-0.371691956,0.024897764,-0.176035257,0.173139196,0.060670091,-0.078197625,-0.20982763,0.260979204,0.004480336,-0.001302783,-0.044664504,0.057541066,-0.134803075,-0.182486439,0.043956793,0.004722727,0.116149026,-0.016380789,0.060591089,0.082543891,-0.03309079,0.022280169,0.016801804,-0.034974605,0.016966917,-0.002242728,0.01076269,-0.024024264,-0.058499369,0.033430924,-0.074607895,-0.001678553,-0.053537453,-0.025045839,0.026532346,0.040162206,-0.015139941,-0.003597466,0.044400813,-0.006662271,-0.02361973,-0.045322268,-0.010353616,0.01805795,0.008532851,0.020863534,0.002582461,0.025330838,-0.017780755,-0.0247991,0.02455989,-0.006395119,0.002212462,0.008284904,0.002275277,-0.003276822,0.003588015
Tl,-0.416946535,-0.005237342,0.034968278,0.15077542,0.278090128,-0.017265269,-0.09921808,-0.020105687,0.04947432,-0.170990335,0.020703728,-0.056655555,0.165296386,0.017451033,-0.144390088,0.155997298,0.175181882,0.321687937,-0.04921603,0.424267879,0.065019491,0.034729464,0.18566884,0.276666102,0.223268534,-0.055344773,0.035263404,-0.019493495,-0.106331375,-0.124263411,0.168460017,0.13576158,0.087186911,0.040766009,0.057649615,-0.005827898,0.013457095,-0.048284843,0.006658458,-0.044850042,-0.02573871,-0.067512124,-0.026942375,-0.030044786,0.002884482,0.014555407,-0.025647291,-0.027082023,-0.012804926,-0.015622071,0.101330553,0.003888367,0.032587331,-0.012193367,0.013873375,0.030739598,-0.012102919,-0.021927097,-0.011373331,0.015316224,-0.00928984,-0.011966253,-0.043015941,-0.008088424,0.007944661,0.011053198,0.010022042,-0.021180317,0.017765927,-0.014170454,0.00096844,0.026691923,-0.008281807,-0.031711877,-0.003296435,0.00173651,0.007245928,-0.009052032,-0.000305499,0.001852986
Pb,-0.541165717,-0.018602041,-0.026825763,0.139114653,0.246226048,-0.060772483,-0.085723766,0.051212332,0.11695081,0.096313237,-0.034039129,-0.330217188,0.013125,-0.004415606,0.018488755,0.179462817,0.03966894,0.044649842,0.04281545,0.020444121,-0.121080512,0.082721661,0.098503988,-0.020070311,-0.025025339,-0.113802021,-0.046902662,0.049210424,-0.077701071,0.084978127,-0.184687104,-0.215638427,-0.17281461,0.162919483,-0.206174054,-0.019541575,0.060249949,-0.163341713,0.10664496,-0.042688243,0.042290358,0.105165197,0.072881821,-0.075563363,-0.078469235,0.207058686,0.086203306,0.161853268,-0.080874192,-0.140963845,-0.050083868,-0.004702217,0.087416142,0.042031718,-0.011877774,0.040732566,0.01119225,0.006001438,0.045292782,0.007945228,-0.015751538,0.013461593,0.003904356,0.001337821,-0.006145032,0.027339014,-0.033852644,-0.010524988,-0.010086305,0.025735122,0.025911539,-0.018098364,0.017141426,0.008826969,0.011738768,-0.012631525,-0.000757608,-0.016725121,-0.007572354,0.004814716
Bi,-0.540348757,0.047836638,-0.012073382,-0.010133246,0.221368202,-0.021927387,-0.000557159,-0.112843341,-0.042554768,0.154607825,-0.036349489,-0.37666639,-0.010223935,0.079299526,0.146107545,0.224201201,0.175841595,-0.086995914,0.104200519,0.006150409,0.026470696,-0.032916129,-0.036886529,0.107394403,-0.132307733,-0.043766918,0.063312227,0.103899853,0.039224258,0.035956104,-0.160793053,0.020473679,-0.087420168,-0.008465243,0.040316471,-0.198459954,-0.083856182,0.126204557,-0.026205234,-0.156680265,0.06313457,-0.104170625,0.0263946,0.057697198,0.147759887,-0.143432168,0.048374086,-0.191290241,-0.055602702,0.134352304,0.06180289,0.083173795,-0.087447937,-0.064463961,-0.021743777,-0.044128111,0.0502434,0.022976589,-0.037140484,0.019758425,-0.022759449,0.015090238,0.085887271,-0.004268565,-0.013573528,0.023466138,0.073602283,0.020694689,0.010886293,0.008701077,-0.009483907,0.024482107,0.004796988,-0.048770033,-0.025007062,0.040854475,0.01015581,-0.013510233,0.012407208,-0.013027829
Th,-0.349375967,-0.386723419,0.031605592,-0.083029355,0.04338831,0.043721343,0.30152874,0.156484399,0.263563047,-0.060340569,-0.078870089,0.062800436,0.025178238,-0.009843919,0.057518192,-0.053256472,-0.038371894,0.090993759,0.107101404,0.087125509,0.037983047,-0.116381626,0.07882086,-0.201908807,0.126416979,-0.041274735,-0.360857244,0.207977642,0.002493573,0.144301614,-0.133514996,0.004204163,0.155915271,0.094087148,0.093300124,-0.202973763,-0.112872283,0.061534571,-0.034977971,-0.066048835,-0.167810413,0.042562127,-0.022482607,-0.110453653,-0.054204475,0.010479305,-0.075768933,-0.002520963,0.012653185,0.023438083,0.053799901,-0.107351136,-0.04003072,-0.032172777,0.015917855,-0.010085504,0.04438519,0.007644861,-0.038000512,-0.054968538,0.049441411,0.008675007,0.046738906,-0.023658729,0.004865924,0.005800293,-0.033657551,-0.003086373,-0.009746395,0.012645468,-0.030382727,0.017604749,0.018275133,-0.017535439,-0.008974802,-0.010035814,-0.011637133,0.01209359,-0.014090759,0.003132404
U,-0.425608784,-0.315317054,0.046950526,0.020818956,0.006176152,0.037929171,0.248212047,0.030284134,0.316395163,0.02337432,-0.076761682,0.005442957,-0.073048053,0.094633891,0.094978652,0.025191392,0.037787695,-0.035009386,-0.030443876,0.122926481,-0.166156707,-0.39599596,-0.09375796,0.147917557,0.121701362,0.073509247,-0.131586548,0.027008315,0.202783302,-0.033781007,0.020105234,-0.012339362,-0.021063239,-0.205459933,-0.127713176,0.118418585,0.00765754,-0.137823571,0.011182234,0.183239526,0.116803121,-0.008465207,0.059314897,0.017855693,0.149878475,-0.029949711,0.09408548,-0.022667341,-0.005925997,-0.08856473,0.005046879,0.10327594,-0.047199152,0.033509144,-0.020887178,0.018727844,-0.01491839,0.010578248,0.012303067,-0.038820291,-0.020828701,0.000154959,-0.004956523,0.037465082,-0.028115402,-0.03001796,-0.019799042,0.020002189,0.014672042,0.013305562,-0.003671272,0.016782783,0.017607365,-0.000947278,-0.004470227,-0.012353189,0.010368568,-0.011032244,-0.030562964,-0.002029798
Np,-0.353342735,-0.196809169,0.047164218,0.02708877,0.071434128,0.150392933,0.347831576,0.12062341,0.466387388,-0.07108663,-0.254249792,0.023319166,-0.068676492,0.072935973,0.078883552,-0.002786205,0.096231442,-0.11513282,0.032930687,-0.059524288,-0.100038952,0.09993406,-0.033445516,0.039994592,-0.015855689,-0.007841992,0.099925863,-0.092914878,-0.057034807,-0.136775654,0.008893994,0.003965573,-0.142508148,0.098350699,0.137302829,0.05287117,0.220447441,0.19533671,0.08619471,0.034262014,-0.059048449,-0.247987067,-0.06516497,-0.058073508,-0.161824987,0.009310255,-0.003539654,0.029636567,0.076861645,0.043684552,-0.033761072,0.01746633,0.076074179,-0.003411119,-0.00339532,-0.008035071,-0.009058931,-0.001775712,0.015205075,0.069404861,-0.003117645,0.022593724,0.017501593,0.028397047,-0.000324437,0.003818735,0.052348087,0.001760845,0.020176273,-0.010025799,0.017797191,-0.013656113,-0.034913589,0.010842161,-0.016278676,-0.009862892,0.000929175,-0.016289567,0.029572713,0.008223572
Pu,-0.37010623,-0.23666794,0.002357392,-0.003213333,-0.00493172,0.15658502,0.291867234,0.046275263,0.427558828,-0.145636811,-0.204154429,0.057969445,0.051263986,-0.006933217,0.006303376,-0.003519101,0.00394552,0.048887773,0.001168727,-0.109298347,0.201545324,0.294109702,0.02112384,0.050506294,-0.238555599,-0.008693285,0.093666108,-0.076765489,-0.135843039,-0.006497213,0.140949464,-0.073250367,0.124792209,-0.074287868,-0.060120354,-0.025513427,-0.163302236,-0.103124249,-0.091534224,-0.03152423,0.128645097,0.186089128,0.073426469,0.069545455,0.129679778,-0.015974443,-0.034751475,0.011187129,-0.088976417,-0.023428537,0.044935493,0.060298453,-0.03400471,0.029303581,0.040825171,-0.005173286,0.089393075,0.010466769,-0.036616517,-0.027384864,0.013998022,0.006468948,-0.017251368,0.026441635,0.013827377,0.009646252,-0.016536809,0.008499554,-0.019880862,-0.008380208,0.00446102,0.014521936,0.011456964,0.024590931,-0.007358775,-0.003989167,0.00756394,-0.001562132,-0.001126096,-0.014034784
